ccode1,country,year,IdealPointDistance
2,RUS,2017,2.5273587
2,CHN,2017,3.0021698
20,RUS,2017,1.3414467
20,CHN,2017,1.8162578
31,RUS,2017,0.6315728
31,CHN,2017,0.1567617
40,RUS,2017,1.9792143
40,CHN,2017,1.5044032
41,RUS,2017,0.3611832
41,CHN,2017,0.1136279
42,RUS,2017,0.7455061
42,CHN,2017,0.270695
51,RUS,2017,0.6177636
51,CHN,2017,0.1429525
52,RUS,2017,0.7701538
52,CHN,2017,0.2953427
53,RUS,2017,0.5393117
53,CHN,2017,0.0645006
54,RUS,2017,0.6271414
54,CHN,2017,0.1523303
55,RUS,2017,0.6881378
55,CHN,2017,0.2133267
56,RUS,2017,0.6331517
56,CHN,2017,0.1583406
57,RUS,2017,0.8079563
57,CHN,2017,0.3331452
58,RUS,2017,0.602111
58,CHN,2017,0.1272999
60,RUS,2017,0.6410637
60,CHN,2017,0.1662526
70,RUS,2017,0.08228436
70,CHN,2017,0.39252674
80,RUS,2017,0.5761907
80,CHN,2017,0.1013796
90,RUS,2017,0.075670780000000007
90,CHN,2017,0.39914032
91,RUS,2017,0.02219959
91,CHN,2017,0.45261151
92,RUS,2017,0.5925741
92,CHN,2017,0.117763
93,RUS,2017,1.4088813
93,CHN,2017,0.9340702
94,RUS,2017,0.3246158
94,CHN,2017,0.1501953
95,RUS,2017,0.2207858
95,CHN,2017,0.2540253
100,RUS,2017,0.3478181
100,CHN,2017,0.126993
101,RUS,2017,1.6815273
101,CHN,2017,1.2067162
110,RUS,2017,0.8114212
110,CHN,2017,0.3366101
115,RUS,2017,0.5745341
115,CHN,2017,0.099723
130,RUS,2017,1.0271447
130,CHN,2017,0.5523336
135,RUS,2017,0.2810139
135,CHN,2017,0.1937972
140,RUS,2017,0.3965051
140,CHN,2017,0.078306
145,RUS,2017,1.8460452999999999
145,CHN,2017,1.3712342
150,RUS,2017,0.15116094
150,CHN,2017,0.32365016
155,RUS,2017,0.4664641
155,CHN,2017,0.00834699999999999
160,RUS,2017,0.2087281
160,CHN,2017,0.266083
165,RUS,2017,0.5872549
165,CHN,2017,0.1124438
200,RUS,2017,1.5531657
200,CHN,2017,2.0279768
205,RUS,2017,0.6232011
205,CHN,2017,1.0980122
210,RUS,2017,0.9088117
210,CHN,2017,1.3836228
211,RUS,2017,0.9274827
211,CHN,2017,1.4022938
212,RUS,2017,0.9588077
212,CHN,2017,1.4336188
220,RUS,2017,1.4271577
220,CHN,2017,1.9019688
221,RUS,2017,0.8807943
221,CHN,2017,1.3556054
223,RUS,2017,0.5690462
223,CHN,2017,1.0438573
225,RUS,2017,0.5650404
225,CHN,2017,1.0398515
230,RUS,2017,0.9408447
230,CHN,2017,1.4156558
232,RUS,2017,0.6723275
232,CHN,2017,1.1471386
235,RUS,2017,0.9159877
235,CHN,2017,1.3907988
255,RUS,2017,1.0934377
255,CHN,2017,1.5682488
290,RUS,2017,1.0067197
290,CHN,2017,1.4815308
305,RUS,2017,0.5932156
305,CHN,2017,1.0680267
310,RUS,2017,1.0007687
310,CHN,2017,1.4755798
316,RUS,2017,1.1288487
316,CHN,2017,1.6036598
317,RUS,2017,0.9463747
317,CHN,2017,1.4211858
325,RUS,2017,0.9052187
325,CHN,2017,1.3800298
331,RUS,2017,0.587662
331,CHN,2017,1.0624731
338,RUS,2017,0.5847317
338,CHN,2017,1.0595428
339,RUS,2017,0.9413617
339,CHN,2017,1.4161728
341,RUS,2017,0.9380337
341,CHN,2017,1.4128448
343,RUS,2017,0.7766963
343,CHN,2017,1.2515074
344,RUS,2017,0.9540187
344,CHN,2017,1.4288298
345,RUS,2017,0.4062228
345,CHN,2017,0.8810339
346,RUS,2017,0.6951561
346,CHN,2017,1.1699672
349,RUS,2017,0.9516367
349,CHN,2017,1.4264478
350,RUS,2017,0.8100334
350,CHN,2017,1.2848445
352,RUS,2017,0.5631977
352,CHN,2017,1.0380088
355,RUS,2017,0.9112787
355,CHN,2017,1.3860898
359,RUS,2017,0.6641678
359,CHN,2017,1.1389789
360,RUS,2017,1.0044497
360,CHN,2017,1.4792608
365,CHN,2017,0.4748111
366,RUS,2017,0.9735057
366,CHN,2017,1.4483168
367,RUS,2017,0.9767127
367,CHN,2017,1.4515238
368,RUS,2017,0.9986397
368,CHN,2017,1.4734508
369,RUS,2017,1.0776817
369,CHN,2017,1.5524928
370,RUS,2017,0.3473152
370,CHN,2017,0.1274959
371,RUS,2017,0.0539971
371,CHN,2017,0.5288082
372,RUS,2017,0.7965639
372,CHN,2017,1.271375
373,RUS,2017,0.9147936
373,CHN,2017,0.4399825
375,RUS,2017,0.7913805
375,CHN,2017,1.2661916
380,RUS,2017,0.6895926
380,CHN,2017,1.1644037
385,RUS,2017,0.821745
385,CHN,2017,1.2965561
390,RUS,2017,1.0214767
390,CHN,2017,1.4962878
395,RUS,2017,0.8194695
395,CHN,2017,1.2942806
402,RUS,2017,0.6544357
402,CHN,2017,0.1796246
403,RUS,2017,0.6097991
403,CHN,2017,0.134988
404,RUS,2017,0.7578033
404,CHN,2017,0.2829922
411,RUS,2017,0.5144818
411,CHN,2017,0.0396707
420,RUS,2017,0.7458705
420,CHN,2017,0.2710594
432,RUS,2017,0.2616459
432,CHN,2017,0.2131652
433,RUS,2017,0.674088
433,CHN,2017,0.1992769
434,RUS,2017,0.69178
434,CHN,2017,0.2169689
435,RUS,2017,0.7653455
435,CHN,2017,0.2905344
436,RUS,2017,0.7156755
436,CHN,2017,0.2408644
437,RUS,2017,0.5223017
437,CHN,2017,0.0474906
438,RUS,2017,0.9167791
438,CHN,2017,0.441968
439,RUS,2017,0.7100563
439,CHN,2017,0.2352452
450,RUS,2017,0.3487009
450,CHN,2017,0.1261102
451,RUS,2017,0.7133768
451,CHN,2017,0.2385657
452,RUS,2017,0.5131117
452,CHN,2017,0.0383006
461,RUS,2017,0.08937036
461,CHN,2017,0.38544074
471,RUS,2017,0.01765883
471,CHN,2017,0.45715227
475,RUS,2017,0.6038969
475,CHN,2017,0.1290858
481,RUS,2017,0.5125616
481,CHN,2017,0.0377505
482,RUS,2017,0.19093252
482,CHN,2017,0.28387858
483,RUS,2017,0.7138629
483,CHN,2017,0.2390518
484,RUS,2017,0.840764
484,CHN,2017,0.3659529
490,RUS,2017,0.6085825
490,CHN,2017,0.1337714
500,RUS,2017,1.2004753
500,CHN,2017,0.7256642
501,RUS,2017,0.8549812
501,CHN,2017,0.3801701
510,RUS,2017,0.8918369
510,CHN,2017,0.4170258
516,RUS,2017,1.6940863
516,CHN,2017,1.2192752
517,RUS,2017,0.2844787
517,CHN,2017,0.1903324
520,RUS,2017,0.6984742
520,CHN,2017,0.2236631
522,RUS,2017,0.7664253
522,CHN,2017,0.2916142
530,RUS,2017,0.6294613
530,CHN,2017,0.1546502
531,RUS,2017,0.8874094
531,CHN,2017,0.4125983
540,RUS,2017,0.6780545
540,CHN,2017,0.2032434
541,RUS,2017,0.8618496
541,CHN,2017,0.3870385
551,RUS,2017,0.8370558
551,CHN,2017,0.3622447
552,RUS,2017,2.0610133
552,CHN,2017,1.5862022
553,RUS,2017,0.594691
553,CHN,2017,0.1198799
560,RUS,2017,0.5626036
560,CHN,2017,0.0877925
565,RUS,2017,0.8978995
565,CHN,2017,0.4230884
570,RUS,2017,0.8419444
570,CHN,2017,0.3671333
571,RUS,2017,0.5181075
571,CHN,2017,0.0432964
572,RUS,2017,0.8578418
572,CHN,2017,0.3830307
580,RUS,2017,0.6517024
580,CHN,2017,0.1768913
581,RUS,2017,0.7090225
581,CHN,2017,0.2342114
590,RUS,2017,0.8056517
590,CHN,2017,0.3308406
591,RUS,2017,0.5014943
591,CHN,2017,0.0266832
600,RUS,2017,0.4823145
600,CHN,2017,0.00750339999999999
615,RUS,2017,1.08341
615,CHN,2017,0.6085989
616,RUS,2017,0.8280422
616,CHN,2017,0.3532311
620,RUS,2017,0.9147772
620,CHN,2017,0.4399661
625,RUS,2017,1.4042203
625,CHN,2017,0.9294092
626,RUS,2017,0.6143643
626,CHN,2017,1.0891754
630,RUS,2017,1.6883453
630,CHN,2017,1.2135342
640,RUS,2017,0.5596872
640,CHN,2017,1.0344983
645,RUS,2017,0.9292065
645,CHN,2017,0.4543954
651,RUS,2017,1.1229603
651,CHN,2017,0.6481492
652,RUS,2017,1.9791863
652,CHN,2017,1.5043752
660,RUS,2017,1.1753503
660,CHN,2017,0.7005392
663,RUS,2017,0.8400067
663,CHN,2017,0.3651956
666,RUS,2017,2.3683937
666,CHN,2017,2.8432048
670,RUS,2017,0.7304661
670,CHN,2017,0.255655
679,RUS,2017,0.7255075
679,CHN,2017,0.2506964
690,RUS,2017,0.9126317
690,CHN,2017,0.4378206
692,RUS,2017,0.7462501
692,CHN,2017,0.271439
694,RUS,2017,0.7182487
694,CHN,2017,0.2434376
696,RUS,2017,0.5623324
696,CHN,2017,0.0875213
698,RUS,2017,1.1421343
698,CHN,2017,0.6673232
700,RUS,2017,1.0589616
700,CHN,2017,0.5841505
701,RUS,2017,0.9791034
701,CHN,2017,0.5042923
702,RUS,2017,0.7887745
702,CHN,2017,0.3139634
703,RUS,2017,0.7281903
703,CHN,2017,0.2533792
704,RUS,2017,0.3511868
704,CHN,2017,0.1236243
705,RUS,2017,0.6582999
705,CHN,2017,0.1834888
710,RUS,2017,0.4748111
712,RUS,2017,0.6531004
712,CHN,2017,0.1782893
731,RUS,2017,0.317902
731,CHN,2017,0.1569091
732,RUS,2017,0.8518386
732,CHN,2017,1.3266497
740,RUS,2017,0.5404523
740,CHN,2017,1.0152634
750,RUS,2017,0.3054003
750,CHN,2017,0.1694108
760,RUS,2017,0.7700542
760,CHN,2017,0.2952431
770,RUS,2017,0.3336001
770,CHN,2017,0.141211
771,RUS,2017,0.8460215
771,CHN,2017,0.3712104
775,RUS,2017,0.8077207
775,CHN,2017,0.33290960000000003
780,RUS,2017,0.8203995
780,CHN,2017,0.3455884
781,RUS,2017,0.7290152
781,CHN,2017,0.2542041
790,RUS,2017,0.8924099
790,CHN,2017,0.4175988
800,RUS,2017,0.6769146
800,CHN,2017,0.2021035
811,RUS,2017,1.1425593
811,CHN,2017,0.6677482
812,RUS,2017,1.2898113
812,CHN,2017,0.8150002
816,RUS,2017,1.05889
816,CHN,2017,0.5840789
820,RUS,2017,0.8401231
820,CHN,2017,0.365312
830,RUS,2017,0.859219
830,CHN,2017,0.3844079
835,RUS,2017,1.038323
835,CHN,2017,0.5635119
840,RUS,2017,0.9035206
840,CHN,2017,0.4287095
850,RUS,2017,1.1365603
850,CHN,2017,0.6617492
860,RUS,2017,0.5380754
860,CHN,2017,0.0632643
900,RUS,2017,1.1102737
900,CHN,2017,1.5850848
910,RUS,2017,0.2286247
910,CHN,2017,0.2461864
920,RUS,2017,0.529393
920,CHN,2017,1.0042041
935,RUS,2017,0.20691388
935,CHN,2017,0.26789722
940,RUS,2017,0.06659301
940,CHN,2017,0.40821809
946,RUS,2017,0.5616458
946,CHN,2017,0.0868347
947,RUS,2017,0.04878364
947,CHN,2017,0.42602746
950,RUS,2017,0.5357001
950,CHN,2017,0.060889
955,RUS,2017,0.05673258
955,CHN,2017,0.41807852
970,RUS,2017,0.2773822
970,CHN,2017,0.7521933
983,RUS,2017,0.8337002
983,CHN,2017,1.3085113
986,RUS,2017,0.5501972
986,CHN,2017,1.0250083
987,RUS,2017,1.4155967
987,CHN,2017,1.8904078
990,RUS,2017,0.2442677
990,CHN,2017,0.2305434
2,RUS,2018,2.5829932
2,CHN,2018,3.1803966
20,RUS,2018,1.2705752
20,CHN,2018,1.8679786
31,RUS,2018,0.3907216
31,CHN,2018,0.2066818
40,RUS,2018,1.8439768
40,CHN,2018,1.2465734
41,RUS,2018,0.00832864
41,CHN,2018,0.58907476
42,RUS,2018,0.3964998
42,CHN,2018,0.2009036
51,RUS,2018,0.5908619
51,CHN,2018,0.00654150000000003
52,RUS,2018,0.7249897
52,CHN,2018,0.1275863
53,RUS,2018,0.4090241
53,CHN,2018,0.1883793
54,RUS,2018,0.6941244
54,CHN,2018,0.0967209999999999
55,RUS,2018,0.5268142
55,CHN,2018,0.0705892
56,RUS,2018,0.6202131
56,CHN,2018,0.0228096999999999
57,RUS,2018,0.7536212
57,CHN,2018,0.1562178
58,RUS,2018,0.3366068
58,CHN,2018,0.2607966
60,RUS,2018,0.5879577
60,CHN,2018,0.0094457
70,RUS,2018,0.12186238
70,CHN,2018,0.47554102
80,RUS,2018,0.430521
80,CHN,2018,0.1668824
90,RUS,2018,0.0932924
90,CHN,2018,0.6906958
91,RUS,2018,0.0813845
91,CHN,2018,0.6787879
92,RUS,2018,0.5802781
92,CHN,2018,0.0171253
93,RUS,2018,1.6201508
93,CHN,2018,1.0227474
94,RUS,2018,0.2277485
94,CHN,2018,0.3696549
95,RUS,2018,0.108712017
95,CHN,2018,0.488691383
100,RUS,2018,0.17339877
100,CHN,2018,0.42400463
101,RUS,2018,1.5900718
101,CHN,2018,0.9926684
110,RUS,2018,0.3605019
110,CHN,2018,0.2369015
115,RUS,2018,0.7416432
115,CHN,2018,0.1442398
130,RUS,2018,0.6818056
130,CHN,2018,0.0844022
135,RUS,2018,0.2397814
135,CHN,2018,0.357622
140,RUS,2018,0.14466608
140,CHN,2018,0.45273732
145,RUS,2018,1.3439988
145,CHN,2018,0.7465954
150,RUS,2018,0.2446683
150,CHN,2018,0.3527351
155,RUS,2018,0.2205159
155,CHN,2018,0.3768875
160,RUS,2018,0.13056707
160,CHN,2018,0.46683633
165,RUS,2018,0.4658861
165,CHN,2018,0.1315173
200,RUS,2018,1.5375042
200,CHN,2018,2.1349076
205,RUS,2018,0.6096075
205,CHN,2018,1.2070109
210,RUS,2018,0.9942022
210,CHN,2018,1.5916056
211,RUS,2018,0.9435722
211,CHN,2018,1.5409756
212,RUS,2018,0.8660694
212,CHN,2018,1.4634728
220,RUS,2018,1.3728502
220,CHN,2018,1.9702536
221,RUS,2018,0.9495682
221,CHN,2018,1.5469716
223,RUS,2018,0.6503524
223,CHN,2018,1.2477558
225,RUS,2018,0.5706008
225,CHN,2018,1.1680042
230,RUS,2018,0.892313
230,CHN,2018,1.4897164
232,RUS,2018,0.7260552
232,CHN,2018,1.3234586
235,RUS,2018,0.8205659
235,CHN,2018,1.4179693
255,RUS,2018,1.0887282
255,CHN,2018,1.6861316
290,RUS,2018,1.1183602
290,CHN,2018,1.7157636
305,RUS,2018,0.67318
305,CHN,2018,1.2705834
310,RUS,2018,1.2538562
310,CHN,2018,1.8512596
316,RUS,2018,1.1727402
316,CHN,2018,1.7701436
317,RUS,2018,0.9841432
317,CHN,2018,1.5815466
325,RUS,2018,0.9818202
325,CHN,2018,1.5792236
331,RUS,2018,0.6429628
331,CHN,2018,1.2403662
338,RUS,2018,0.5946234
338,CHN,2018,1.1920268
339,RUS,2018,0.9593932
339,CHN,2018,1.5567966
341,RUS,2018,0.8987366
341,CHN,2018,1.49614
343,RUS,2018,0.7906431
343,CHN,2018,1.3880465
344,RUS,2018,0.9816022
344,CHN,2018,1.5790056
345,RUS,2018,0.2741371
345,CHN,2018,0.8715405
346,RUS,2018,0.6368426
346,CHN,2018,1.234246
349,RUS,2018,0.9319162
349,CHN,2018,1.5293196
350,RUS,2018,0.7736788
350,CHN,2018,1.3710822
352,RUS,2018,0.5424279
352,CHN,2018,1.1398313
355,RUS,2018,0.8942077
355,CHN,2018,1.4916111
359,RUS,2018,0.6433519
359,CHN,2018,1.2407553
360,RUS,2018,0.9869282
360,CHN,2018,1.5843316
365,CHN,2018,0.5974034
366,RUS,2018,1.0393992
366,CHN,2018,1.6368026
367,RUS,2018,1.0856012
367,CHN,2018,1.6830046
368,RUS,2018,1.1099222
368,CHN,2018,1.7073256
369,RUS,2018,0.9757672
369,CHN,2018,1.5731706
370,RUS,2018,0.361114
370,CHN,2018,0.2362894
371,RUS,2018,0.0630671
371,CHN,2018,0.6604705
372,RUS,2018,0.7892723
372,CHN,2018,1.3866757
373,RUS,2018,0.8051436
373,CHN,2018,0.2077402
375,RUS,2018,0.8077022
375,CHN,2018,1.4051056
380,RUS,2018,0.7431735
380,CHN,2018,1.3405769
385,RUS,2018,0.8296258
385,CHN,2018,1.4270292
390,RUS,2018,1.0234012
390,CHN,2018,1.6208046
395,RUS,2018,0.7830022
395,CHN,2018,1.3804056
402,RUS,2018,0.5232443
402,CHN,2018,0.0741591
403,RUS,2018,0.3963914
403,CHN,2018,0.201012
404,RUS,2018,0.5699357
404,CHN,2018,0.0274677
411,RUS,2018,0.4668672
411,CHN,2018,0.1305362
420,RUS,2018,0.5693294
420,CHN,2018,0.028074000000000002
432,RUS,2018,0.373319
432,CHN,2018,0.2240844
433,RUS,2018,0.4421656
433,CHN,2018,0.1552378
434,RUS,2018,0.555499
434,CHN,2018,0.0419044
435,RUS,2018,0.8299569
435,CHN,2018,0.2325535
436,RUS,2018,0.8239598
436,CHN,2018,0.2265564
437,RUS,2018,0.15861193
437,CHN,2018,0.43879147
438,RUS,2018,0.7765938
438,CHN,2018,0.1791904
439,RUS,2018,0.6577942
439,CHN,2018,0.0603908
450,RUS,2018,0.0629835
450,CHN,2018,0.6603869
451,RUS,2018,0.6890028
451,CHN,2018,0.0915994
452,RUS,2018,0.2738735
452,CHN,2018,0.3235299
461,RUS,2018,0.12298201
461,CHN,2018,0.47442139
471,RUS,2018,0.14178871
471,CHN,2018,0.45561469
475,RUS,2018,0.5296769
475,CHN,2018,0.0677265
481,RUS,2018,0.4135445
481,CHN,2018,0.1838589
482,RUS,2018,0.237497
482,CHN,2018,0.3599064
483,RUS,2018,0.8039191
483,CHN,2018,0.2065157
484,RUS,2018,0.7124491
484,CHN,2018,0.1150457
490,RUS,2018,0.3466501
490,CHN,2018,0.2507533
500,RUS,2018,1.0523437
500,CHN,2018,0.4549403
501,RUS,2018,0.8657459
501,CHN,2018,0.2683425
510,RUS,2018,0.8899557
510,CHN,2018,0.2925523
516,RUS,2018,1.2247888
516,CHN,2018,0.6273854
517,RUS,2018,0.12346875
517,CHN,2018,0.47393465
520,RUS,2018,0.6211585
520,CHN,2018,0.0237551
522,RUS,2018,0.4659469
522,CHN,2018,0.1314565
530,RUS,2018,0.5109757
530,CHN,2018,0.0864277
531,RUS,2018,0.8403751
531,CHN,2018,0.2429717
540,RUS,2018,0.6869795
540,CHN,2018,0.0895760999999999
541,RUS,2018,0.7379959
541,CHN,2018,0.1405925
551,RUS,2018,0.7777415
551,CHN,2018,0.1803381
552,RUS,2018,1.5302468
552,CHN,2018,0.9328434
553,RUS,2018,0.4239439
553,CHN,2018,0.1734595
560,RUS,2018,0.5330114
560,CHN,2018,0.064392
565,RUS,2018,0.7562176
565,CHN,2018,0.1588142
570,RUS,2018,0.5083206
570,CHN,2018,0.0890828
571,RUS,2018,0.4273407
571,CHN,2018,0.1700627
572,RUS,2018,0.2192747
572,CHN,2018,0.3781287
580,RUS,2018,0.7681897
580,CHN,2018,0.1707863
581,RUS,2018,0.8544065
581,CHN,2018,0.2570031
590,RUS,2018,0.5674051
590,CHN,2018,0.0299983
591,RUS,2018,0.5809467
591,CHN,2018,0.0164567
600,RUS,2018,0.547446
600,CHN,2018,0.0499574
615,RUS,2018,1.0905542
615,CHN,2018,0.4931508
616,RUS,2018,0.6564558
616,CHN,2018,0.0590524
620,RUS,2018,0.686986
620,CHN,2018,0.0895826
625,RUS,2018,1.2410618
625,CHN,2018,0.6436584
626,RUS,2018,0.0073737
626,CHN,2018,0.6047771
630,RUS,2018,2.0114408
630,CHN,2018,1.4140374
640,RUS,2018,0.4957346
640,CHN,2018,1.093138
645,RUS,2018,1.0214087
645,CHN,2018,0.4240053
651,RUS,2018,1.3522408
651,CHN,2018,0.7548374
652,RUS,2018,1.9322018
652,CHN,2018,1.3347984
660,RUS,2018,1.070865
660,CHN,2018,0.4734616
663,RUS,2018,0.7422605
663,CHN,2018,0.1448571
666,RUS,2018,2.4111762
666,CHN,2018,3.0085796
670,RUS,2018,0.8092555
670,CHN,2018,0.2118521
679,RUS,2018,0.9386412
679,CHN,2018,0.3412378
690,RUS,2018,0.9801789
690,CHN,2018,0.3827755
692,RUS,2018,0.6852922
692,CHN,2018,0.0878888
694,RUS,2018,0.7896374
694,CHN,2018,0.192234
696,RUS,2018,0.7386226
696,CHN,2018,0.1412192
698,RUS,2018,1.088683
698,CHN,2018,0.4912796
700,RUS,2018,1.0222308
700,CHN,2018,0.4248274
701,RUS,2018,0.965786
701,CHN,2018,0.3683826
702,RUS,2018,0.6703928
702,CHN,2018,0.0729894
703,RUS,2018,0.8503869
703,CHN,2018,0.25298349999999997
704,RUS,2018,0.544844
704,CHN,2018,0.0525594
705,RUS,2018,0.5111105
705,CHN,2018,0.0862929
710,RUS,2018,0.5974034
712,RUS,2018,0.6014751
712,CHN,2018,0.00407170000000001
731,RUS,2018,0.7462186
731,CHN,2018,0.1488152
732,RUS,2018,0.8019287
732,CHN,2018,1.3993321
740,RUS,2018,0.6668333
740,CHN,2018,1.2642367
750,RUS,2018,0.388022
750,CHN,2018,0.2093814
760,RUS,2018,0.6246747
760,CHN,2018,0.0272713
770,RUS,2018,0.4520412
770,CHN,2018,0.1453622
771,RUS,2018,0.6595369
771,CHN,2018,0.0621335
775,RUS,2018,0.9245443
775,CHN,2018,0.3271409
780,RUS,2018,0.6817831
780,CHN,2018,0.0843796999999999
781,RUS,2018,0.599472
781,CHN,2018,0.00206859999999998
790,RUS,2018,0.6940728
790,CHN,2018,0.0966694
800,RUS,2018,0.4509806
800,CHN,2018,0.1464228
811,RUS,2018,1.4035478
811,CHN,2018,0.8061444
812,RUS,2018,1.1405748
812,CHN,2018,0.5431714
816,RUS,2018,0.9676701
816,CHN,2018,0.3702667
820,RUS,2018,0.8136602
820,CHN,2018,0.2162568
830,RUS,2018,0.5148166
830,CHN,2018,0.0825868
835,RUS,2018,1.0302126
835,CHN,2018,0.4328092
840,RUS,2018,0.4372609
840,CHN,2018,0.1601425
850,RUS,2018,1.1552758
850,CHN,2018,0.5578724
860,RUS,2018,0.3980559
860,CHN,2018,0.1993475
900,RUS,2018,1.3543442
900,CHN,2018,1.9517476
910,RUS,2018,0.01912485
910,CHN,2018,0.57827855
920,RUS,2018,0.634524
920,CHN,2018,1.2319274
935,RUS,2018,0.0186298
935,CHN,2018,0.6160332
940,RUS,2018,0.1744851
940,CHN,2018,0.7718885
946,RUS,2018,0.3838178
946,CHN,2018,0.9812212
947,RUS,2018,0.00629659
947,CHN,2018,0.59110681
950,RUS,2018,0.00441107
950,CHN,2018,0.59299233
955,RUS,2018,0.0680257
955,CHN,2018,0.6654291
970,RUS,2018,0.3543522
970,CHN,2018,0.9517556
983,RUS,2018,0.7477946
983,CHN,2018,1.345198
986,RUS,2018,0.1530182
986,CHN,2018,0.7504216
987,RUS,2018,1.3779162
987,CHN,2018,1.9753196
990,RUS,2018,0.02792563
990,CHN,2018,0.56947777
2,RUS,2019,2.5048161
2,CHN,2019,2.956348
20,RUS,2019,1.2580601
20,CHN,2019,1.709592
31,RUS,2019,0.4222692
31,CHN,2019,0.0292627
40,RUS,2019,1.7300969
40,CHN,2019,1.278565
41,RUS,2019,0.1106215
41,CHN,2019,0.5621534
42,RUS,2019,0.4276009
42,CHN,2019,0.023931
51,RUS,2019,0.5886956
51,CHN,2019,0.1371637
52,RUS,2019,0.5858502
52,CHN,2019,0.1343183
53,RUS,2019,0.3795797
53,CHN,2019,0.0719522
54,RUS,2019,0.2319425
54,CHN,2019,0.2195894
55,RUS,2019,0.6504143
55,CHN,2019,0.1988824
56,RUS,2019,0.5986013
56,CHN,2019,0.1470694
57,RUS,2019,0.7382613
57,CHN,2019,0.2867294
58,RUS,2019,0.6543985
58,CHN,2019,0.2028666
60,RUS,2019,0.5661164
60,CHN,2019,0.1145845
70,RUS,2019,0.14201707
70,CHN,2019,0.30951483
80,RUS,2019,0.3233735
80,CHN,2019,0.1281584
90,RUS,2019,0.00424749999999999
90,CHN,2019,0.4472844
91,RUS,2019,0.01172935
91,CHN,2019,0.43980255
92,RUS,2019,0.4825652
92,CHN,2019,0.0310333
93,RUS,2019,1.6242429
93,CHN,2019,1.172711
94,RUS,2019,0.2593162
94,CHN,2019,0.1922157
95,RUS,2019,0.18777767
95,CHN,2019,0.26375423
100,RUS,2019,0.04456136
100,CHN,2019,0.40697054
101,RUS,2019,1.8638359
101,CHN,2019,1.412304
110,RUS,2019,0.3477359
110,CHN,2019,0.103796
115,RUS,2019,0.7870703
115,CHN,2019,0.3355384
130,RUS,2019,0.5560424
130,CHN,2019,0.1045105
135,RUS,2019,0.2782127
135,CHN,2019,0.1733192
140,RUS,2019,0.189457
140,CHN,2019,0.6409889
145,RUS,2019,0.9256706
145,CHN,2019,0.4741387
150,RUS,2019,0.2907403
150,CHN,2019,0.1607916
155,RUS,2019,0.3392716
155,CHN,2019,0.1122603
160,RUS,2019,0.19513458
160,CHN,2019,0.25639732
165,RUS,2019,0.510231
165,CHN,2019,0.0586991
200,RUS,2019,1.5725691
200,CHN,2019,2.024101
205,RUS,2019,0.6640194
205,CHN,2019,1.1155513
210,RUS,2019,0.9539841
210,CHN,2019,1.405516
211,RUS,2019,0.9682371
211,CHN,2019,1.419769
212,RUS,2019,0.9549971
212,CHN,2019,1.406529
220,RUS,2019,1.3298821
220,CHN,2019,1.781414
221,RUS,2019,0.9131121
221,CHN,2019,1.364644
223,RUS,2019,0.6205422
223,CHN,2019,1.0720741
225,RUS,2019,0.6749552
225,CHN,2019,1.1264871
230,RUS,2019,0.9749721
230,CHN,2019,1.426504
232,RUS,2019,0.6539036
232,CHN,2019,1.1054355
235,RUS,2019,0.9371321
235,CHN,2019,1.388664
255,RUS,2019,1.0883371
255,CHN,2019,1.539869
290,RUS,2019,1.0792981
290,CHN,2019,1.53083
305,RUS,2019,0.7052737
305,CHN,2019,1.1568056
310,RUS,2019,1.1184241
310,CHN,2019,1.569956
316,RUS,2019,1.1423861
316,CHN,2019,1.593918
317,RUS,2019,1.0183931
317,CHN,2019,1.469925
325,RUS,2019,0.9601701
325,CHN,2019,1.411702
331,RUS,2019,0.6463338
331,CHN,2019,1.0978657
338,RUS,2019,0.6319061
338,CHN,2019,1.083438
339,RUS,2019,1.0351691
339,CHN,2019,1.486701
341,RUS,2019,0.9432331
341,CHN,2019,1.394765
343,RUS,2019,0.9256811
343,CHN,2019,1.377213
344,RUS,2019,0.9412401
344,CHN,2019,1.392772
345,RUS,2019,0.3415195
345,CHN,2019,0.7930514
346,RUS,2019,0.6445835
346,CHN,2019,1.0961154
349,RUS,2019,0.9148501
349,CHN,2019,1.366382
350,RUS,2019,0.9215281
350,CHN,2019,1.37306
352,RUS,2019,0.6268746
352,CHN,2019,1.0784065
355,RUS,2019,1.0114471
355,CHN,2019,1.462979
359,RUS,2019,0.5700104
359,CHN,2019,1.0215423
360,RUS,2019,1.0658381
360,CHN,2019,1.51737
365,CHN,2019,0.4515319
366,RUS,2019,1.0524841
366,CHN,2019,1.504016
367,RUS,2019,1.0619691
367,CHN,2019,1.513501
368,RUS,2019,1.1089551
368,CHN,2019,1.560487
369,RUS,2019,1.1136601
369,CHN,2019,1.565192
370,RUS,2019,0.3016993
370,CHN,2019,0.1498326
371,RUS,2019,0.0299758
371,CHN,2019,0.4815077
372,RUS,2019,0.8043745
372,CHN,2019,1.2559064
373,RUS,2019,0.7890308
373,CHN,2019,0.3374989
375,RUS,2019,0.803361
375,CHN,2019,1.2548929
380,RUS,2019,0.7537042
380,CHN,2019,1.2052361
385,RUS,2019,0.8416936
385,CHN,2019,1.2932255
390,RUS,2019,1.0328751
390,CHN,2019,1.484407
395,RUS,2019,0.8698725
395,CHN,2019,1.3214044
402,RUS,2019,0.3972041
402,CHN,2019,0.0543278
403,RUS,2019,0.6096566
403,CHN,2019,0.1581247
404,RUS,2019,0.5712026
404,CHN,2019,0.1196707
411,RUS,2019,0.6967321
411,CHN,2019,0.2452002
420,RUS,2019,0.6496195
420,CHN,2019,0.1980876
432,RUS,2019,0.2608265
432,CHN,2019,0.1907054
433,RUS,2019,0.6419022
433,CHN,2019,0.1903703
434,RUS,2019,0.6091301
434,CHN,2019,0.1575982
435,RUS,2019,1.0138726
435,CHN,2019,0.5623407
436,RUS,2019,0.7384164
436,CHN,2019,0.2868845
437,RUS,2019,0.2848522
437,CHN,2019,0.1666797
438,RUS,2019,0.9023811
438,CHN,2019,0.4508492
439,RUS,2019,0.5833204
439,CHN,2019,0.1317885
450,RUS,2019,0.2520195
450,CHN,2019,0.7035514
451,RUS,2019,0.6904524
451,CHN,2019,0.2389205
452,RUS,2019,0.2397814
452,CHN,2019,0.2117505
461,RUS,2019,0.13208986
461,CHN,2019,0.31944204
471,RUS,2019,0.07129598
471,CHN,2019,0.38023592
475,RUS,2019,0.5045652
475,CHN,2019,0.0530333
481,RUS,2019,0.7861002
481,CHN,2019,0.3345683
482,RUS,2019,0.1047186742
482,CHN,2019,0.3468132258
483,RUS,2019,0.6762741
483,CHN,2019,0.2247422
484,RUS,2019,0.8653702
484,CHN,2019,0.4138383
490,RUS,2019,0.6135432
490,CHN,2019,0.1620113
500,RUS,2019,0.9282121
500,CHN,2019,0.4766802
501,RUS,2019,0.5578462
501,CHN,2019,0.1063143
510,RUS,2019,0.7668747
510,CHN,2019,0.3153428
516,RUS,2019,1.1797059
516,CHN,2019,0.728174
517,RUS,2019,0.244591
517,CHN,2019,0.2069409
520,RUS,2019,0.7193279
520,CHN,2019,0.267796
522,RUS,2019,0.5468425
522,CHN,2019,0.0953106
530,RUS,2019,0.5528466
530,CHN,2019,0.1013147
531,RUS,2019,0.8176286
531,CHN,2019,0.3660967
540,RUS,2019,0.689138
540,CHN,2019,0.2376061
541,RUS,2019,0.745304
541,CHN,2019,0.2937721
551,RUS,2019,0.6169953
551,CHN,2019,0.1654634
552,RUS,2019,0.5029557
552,CHN,2019,0.0514238
553,RUS,2019,0.5288834
553,CHN,2019,0.0773515
560,RUS,2019,0.4570981
560,CHN,2019,0.00556620000000002
565,RUS,2019,0.5887033
565,CHN,2019,0.1371714
570,RUS,2019,0.4279216
570,CHN,2019,0.0236103
571,RUS,2019,0.4691961
571,CHN,2019,0.0176642
572,RUS,2019,0.3283973
572,CHN,2019,0.1231346
580,RUS,2019,0.6758504
580,CHN,2019,0.2243185
581,RUS,2019,0.645712
581,CHN,2019,0.1941801
590,RUS,2019,0.6341507
590,CHN,2019,0.1826188
591,RUS,2019,0.5420025
591,CHN,2019,0.0904706
600,RUS,2019,0.7381882
600,CHN,2019,0.2866563
615,RUS,2019,1.0765382
615,CHN,2019,0.6250063
616,RUS,2019,0.8375355
616,CHN,2019,0.3860036
620,RUS,2019,0.8888734
620,CHN,2019,0.4373415
625,RUS,2019,1.1855809
625,CHN,2019,0.734049
626,RUS,2019,0.04131324
626,CHN,2019,0.41021866
630,RUS,2019,1.7711949
630,CHN,2019,1.319663
640,RUS,2019,0.4958746
640,CHN,2019,0.9474065
645,RUS,2019,1.0088183
645,CHN,2019,0.5572864
651,RUS,2019,1.1656089
651,CHN,2019,0.714077
652,RUS,2019,2.0333259
652,CHN,2019,1.581794
660,RUS,2019,1.2286869
660,CHN,2019,0.777155
663,RUS,2019,0.866774
663,CHN,2019,0.4152421
666,RUS,2019,2.3899931
666,CHN,2019,2.841525
670,RUS,2019,0.5469167
670,CHN,2019,0.0953848
679,RUS,2019,0.8416915
679,CHN,2019,0.3901596
690,RUS,2019,0.8971265
690,CHN,2019,0.4455946
692,RUS,2019,0.6721157
692,CHN,2019,0.2205838
694,RUS,2019,0.885112
694,CHN,2019,0.4335801
696,RUS,2019,0.7638843
696,CHN,2019,0.3123524
698,RUS,2019,1.0556745
698,CHN,2019,0.6041426
700,RUS,2019,0.669992
700,CHN,2019,0.2184601
701,RUS,2019,0.8797728
701,CHN,2019,0.4282409
702,RUS,2019,0.734622
702,CHN,2019,0.2830901
703,RUS,2019,0.8545693
703,CHN,2019,0.4030374
704,RUS,2019,0.4094859
704,CHN,2019,0.042046
705,RUS,2019,0.7210595
705,CHN,2019,0.2695276
710,RUS,2019,0.4515319
712,RUS,2019,0.6856304
712,CHN,2019,0.2340985
731,RUS,2019,0.2759061
731,CHN,2019,0.1756258
732,RUS,2019,0.7224175
732,CHN,2019,1.1739494
740,RUS,2019,0.5868268
740,CHN,2019,1.0383587
750,RUS,2019,0.2845239
750,CHN,2019,0.167008
760,RUS,2019,0.6688145
760,CHN,2019,0.2172826
770,RUS,2019,0.219231
770,CHN,2019,0.2323009
771,RUS,2019,0.6875627
771,CHN,2019,0.2360308
775,RUS,2019,0.8304081
775,CHN,2019,0.3788762
780,RUS,2019,0.7655809
780,CHN,2019,0.314049
781,RUS,2019,0.6785763
781,CHN,2019,0.2270444
790,RUS,2019,0.7182959
790,CHN,2019,0.266764
800,RUS,2019,0.6031105
800,CHN,2019,0.1515786
811,RUS,2019,1.2877549
811,CHN,2019,0.836223
812,RUS,2019,0.9780659
812,CHN,2019,0.526534
816,RUS,2019,0.8893478
816,CHN,2019,0.4378159
820,RUS,2019,0.8123982
820,CHN,2019,0.3608663
830,RUS,2019,0.5774927
830,CHN,2019,0.1259608
835,RUS,2019,0.9023154
835,CHN,2019,0.4507835
840,RUS,2019,0.5399789
840,CHN,2019,0.088447
850,RUS,2019,0.947843
850,CHN,2019,0.4963111
860,RUS,2019,0.4741309
860,CHN,2019,0.022599
900,RUS,2019,1.3150451
900,CHN,2019,1.766577
910,RUS,2019,0.01315193
910,CHN,2019,0.43837997
920,RUS,2019,0.6205071
920,CHN,2019,1.072039
935,RUS,2019,0.08746485
935,CHN,2019,0.36406705
940,RUS,2019,0.2175736
940,CHN,2019,0.2339583
946,RUS,2019,0.102441033
946,CHN,2019,0.349090867
947,RUS,2019,0.19139347
947,CHN,2019,0.26013843
950,RUS,2019,0.2474024
950,CHN,2019,0.2041295
955,RUS,2019,0.003527
955,CHN,2019,0.4550589
970,RUS,2019,0.2224892
970,CHN,2019,0.6740211
983,RUS,2019,0.8973011
983,CHN,2019,1.348833
986,RUS,2019,0.0720238
986,CHN,2019,0.5235557
987,RUS,2019,1.1587511
987,CHN,2019,1.610283
990,RUS,2019,0.09220591
990,CHN,2019,0.35932599
2,RUS,2020,2.6357623
2,CHN,2020,3.2462057
20,RUS,2020,1.2768993
20,CHN,2020,1.8873427
31,RUS,2020,0.3065766
31,CHN,2020,0.3038668
40,RUS,2020,1.7084467
40,CHN,2020,1.0980033
41,RUS,2020,0.09999
41,CHN,2020,0.7104334
42,RUS,2020,0.4113414
42,CHN,2020,0.199102
51,RUS,2020,0.5103287
51,CHN,2020,0.1001147
52,RUS,2020,0.5494844
52,CHN,2020,0.0609589999999999
53,RUS,2020,0.3111554
53,CHN,2020,0.299288
54,RUS,2020,0.6680616
54,CHN,2020,0.0576182000000001
55,RUS,2020,0.692908
55,CHN,2020,0.0824646
56,RUS,2020,0.5055476
56,CHN,2020,0.1048958
57,RUS,2020,0.6585279
57,CHN,2020,0.0480845000000001
58,RUS,2020,0.6027057
58,CHN,2020,0.00773769999999996
60,RUS,2020,0.4703481
60,CHN,2020,0.1400953
70,RUS,2020,0.063963437
70,CHN,2020,0.546479963
80,RUS,2020,0.3970132
80,CHN,2020,0.2134302
90,RUS,2020,0.0444097
90,CHN,2020,0.6548531
91,RUS,2020,0.01342617
91,CHN,2020,0.62386957
92,RUS,2020,0.461154
92,CHN,2020,0.1492894
93,RUS,2020,1.6102937
93,CHN,2020,0.9998503
94,RUS,2020,0.2241574
94,CHN,2020,0.386286
95,RUS,2020,0.09908441
95,CHN,2020,0.51135899
100,RUS,2020,0.00350751000000001
100,CHN,2020,0.61395091
101,RUS,2020,1.7070847
101,CHN,2020,1.0966413
110,RUS,2020,0.1695954
110,CHN,2020,0.440848
115,RUS,2020,0.6185678
115,CHN,2020,0.00812440000000003
130,RUS,2020,0.5056028
130,CHN,2020,0.1048406
135,RUS,2020,0.2137034
135,CHN,2020,0.39674
140,RUS,2020,0.2643506
140,CHN,2020,0.874794
145,RUS,2020,0.9173553
145,CHN,2020,0.3069119
150,RUS,2020,0.2688993
150,CHN,2020,0.3415441
155,RUS,2020,0.2159302
155,CHN,2020,0.3945132
160,RUS,2020,0.11779603
160,CHN,2020,0.49264737
165,RUS,2020,0.12256128
165,CHN,2020,0.48788212
200,RUS,2020,1.5931953
200,CHN,2020,2.2036387
205,RUS,2020,0.6254779
205,CHN,2020,1.2359213
210,RUS,2020,1.1345213
210,CHN,2020,1.7449647
211,RUS,2020,0.9956133
211,CHN,2020,1.6060567
212,RUS,2020,0.9702253
212,CHN,2020,1.5806687
220,RUS,2020,1.4019063
220,CHN,2020,2.0123497
221,RUS,2020,1.0086323
221,CHN,2020,1.6190757
223,RUS,2020,0.6243928
223,CHN,2020,1.2348362
225,RUS,2020,0.6945868
225,CHN,2020,1.3050302
230,RUS,2020,0.9081377
230,CHN,2020,1.5185811
232,RUS,2020,0.6259083
232,CHN,2020,1.2363517
235,RUS,2020,0.9307046
235,CHN,2020,1.541148
255,RUS,2020,1.2217833
255,CHN,2020,1.8322267
290,RUS,2020,1.1293963
290,CHN,2020,1.7398397
305,RUS,2020,0.7110358
305,CHN,2020,1.3214792
310,RUS,2020,1.2090193
310,CHN,2020,1.8194627
316,RUS,2020,1.3007463
316,CHN,2020,1.9111897
317,RUS,2020,1.1260343
317,CHN,2020,1.7364777
325,RUS,2020,0.9123839
325,CHN,2020,1.5228273
331,RUS,2020,0.6295573
331,CHN,2020,1.2400007
338,RUS,2020,0.5924032
338,CHN,2020,1.2028466
339,RUS,2020,1.0079483
339,CHN,2020,1.6183917
341,RUS,2020,0.9462533
341,CHN,2020,1.5566967
343,RUS,2020,0.9640093
343,CHN,2020,1.5744527
344,RUS,2020,1.1053803
344,CHN,2020,1.7158237
345,RUS,2020,0.3763652
345,CHN,2020,0.9868086
346,RUS,2020,0.5682475
346,CHN,2020,1.1786909
349,RUS,2020,1.0608343
349,CHN,2020,1.6712777
350,RUS,2020,0.8851897
350,CHN,2020,1.4956331
352,RUS,2020,0.5740784
352,CHN,2020,1.1845218
355,RUS,2020,1.1101693
355,CHN,2020,1.7206127
359,RUS,2020,0.564386
359,CHN,2020,1.1748294
360,RUS,2020,1.0832943
360,CHN,2020,1.6937377
365,CHN,2020,0.6104434
366,RUS,2020,1.1756793
366,CHN,2020,1.7861227
367,RUS,2020,1.1132063
367,CHN,2020,1.7236497
368,RUS,2020,1.1757223
368,CHN,2020,1.7861657
369,RUS,2020,1.0322783
369,CHN,2020,1.6427217
370,RUS,2020,0.3138659
370,CHN,2020,0.2965775
371,RUS,2020,0.1447223
371,CHN,2020,0.7551657
372,RUS,2020,0.876293
372,CHN,2020,1.4867364
373,RUS,2020,0.8590316
373,CHN,2020,0.2485882
375,RUS,2020,0.8551927
375,CHN,2020,1.4656361
380,RUS,2020,0.7944068
380,CHN,2020,1.4048502
385,RUS,2020,0.9415943
385,CHN,2020,1.5520377
390,RUS,2020,1.1425183
390,CHN,2020,1.7529617
395,RUS,2020,0.8941513
395,CHN,2020,1.5045947
402,RUS,2020,0.3387738
402,CHN,2020,0.2716696
403,RUS,2020,0.5385128
403,CHN,2020,0.0719306
404,RUS,2020,0.6049679
404,CHN,2020,0.00547549999999997
411,RUS,2020,0.5743796
411,CHN,2020,0.0360638
420,RUS,2020,0.5509478
420,CHN,2020,0.0594955999999999
432,RUS,2020,0.1817705
432,CHN,2020,0.4286729
433,RUS,2020,0.5827739
433,CHN,2020,0.0276694999999999
434,RUS,2020,0.4500482
434,CHN,2020,0.1603952
435,RUS,2020,0.779416
435,CHN,2020,0.1689726
436,RUS,2020,0.3655978
436,CHN,2020,0.2448456
437,RUS,2020,0.2652191
437,CHN,2020,0.3452243
438,RUS,2020,0.5632635
438,CHN,2020,0.0471798999999999
439,RUS,2020,0.5468412
439,CHN,2020,0.0636021999999999
450,RUS,2020,0.1766473
450,CHN,2020,0.7870907
451,RUS,2020,0.6608134
451,CHN,2020,0.05037
452,RUS,2020,0.5313284
452,CHN,2020,0.0791149999999999
461,RUS,2020,0.09967352
461,CHN,2020,0.51076988
471,RUS,2020,0.02140975
471,CHN,2020,0.58903365
475,RUS,2020,0.3404888
475,CHN,2020,0.2699546
481,RUS,2020,0.5975713
481,CHN,2020,0.0128720999999999
482,RUS,2020,0.11214792
482,CHN,2020,0.49829548
483,RUS,2020,0.5912876
483,CHN,2020,0.0191557999999999
484,RUS,2020,0.6379118
484,CHN,2020,0.0274684000000001
490,RUS,2020,0.1934228
490,CHN,2020,0.4170206
500,RUS,2020,0.8157689
500,CHN,2020,0.2053255
501,RUS,2020,0.6716467
501,CHN,2020,0.0612033000000001
510,RUS,2020,0.6314766
510,CHN,2020,0.0210332000000001
516,RUS,2020,1.3644477
516,CHN,2020,0.7540043
517,RUS,2020,0.2257378
517,CHN,2020,0.3847056
520,RUS,2020,0.6843179
520,CHN,2020,0.0738745000000001
522,RUS,2020,0.6215287
522,CHN,2020,0.0110853000000001
530,RUS,2020,0.5363074
530,CHN,2020,0.0741359999999999
531,RUS,2020,0.7512345
531,CHN,2020,0.1407911
540,RUS,2020,0.5310646
540,CHN,2020,0.0793788
541,RUS,2020,0.5429405
541,CHN,2020,0.0675028999999999
551,RUS,2020,0.642073
551,CHN,2020,0.0316296
552,RUS,2020,0.4946238
552,CHN,2020,0.1158196
553,RUS,2020,0.1701114
553,CHN,2020,0.440332
560,RUS,2020,0.38944
560,CHN,2020,0.2210034
565,RUS,2020,0.6637977
565,CHN,2020,0.0533543000000001
570,RUS,2020,0.3507548
570,CHN,2020,0.2596886
571,RUS,2020,0.3695958
571,CHN,2020,0.2408476
572,RUS,2020,0.5262052
572,CHN,2020,0.0842381999999999
580,RUS,2020,0.1614959
580,CHN,2020,0.4489475
581,RUS,2020,0.4275529
581,CHN,2020,0.1828905
590,RUS,2020,0.614839
590,CHN,2020,0.00439560000000006
591,RUS,2020,0.3620797
591,CHN,2020,0.2483637
600,RUS,2020,0.6898938
600,CHN,2020,0.0794504
615,RUS,2020,1.1496847
615,CHN,2020,0.5392413
616,RUS,2020,0.7049659
616,CHN,2020,0.0945225000000001
620,RUS,2020,0.6059259
620,CHN,2020,0.00451749999999995
625,RUS,2020,1.1678407
625,CHN,2020,0.5573973
626,RUS,2020,0.3336932
626,CHN,2020,0.2767502
630,RUS,2020,1.8265797
630,CHN,2020,1.2161363
640,RUS,2020,0.5467007
640,CHN,2020,1.1571441
645,RUS,2020,0.8905752
645,CHN,2020,0.2801318
651,RUS,2020,1.1099627
651,CHN,2020,0.4995193
652,RUS,2020,1.9470727
652,CHN,2020,1.3366293
660,RUS,2020,1.0719667
660,CHN,2020,0.4615233
663,RUS,2020,0.6187024
663,CHN,2020,0.00825900000000002
666,RUS,2020,2.5215573
666,CHN,2020,3.1320007
670,RUS,2020,0.637751
670,CHN,2020,0.0273076000000001
679,RUS,2020,0.6276143
679,CHN,2020,0.0171709000000001
690,RUS,2020,0.7331332
690,CHN,2020,0.1226898
692,RUS,2020,0.5961076
692,CHN,2020,0.0143357999999999
694,RUS,2020,0.7435109
694,CHN,2020,0.1330675
696,RUS,2020,0.6678909
696,CHN,2020,0.0574475000000001
698,RUS,2020,0.9314333
698,CHN,2020,0.3209899
700,RUS,2020,0.6464679
700,CHN,2020,0.0360245
701,RUS,2020,0.7431872
701,CHN,2020,0.1327438
702,RUS,2020,0.5660916
702,CHN,2020,0.0443517999999999
703,RUS,2020,0.7788306
703,CHN,2020,0.1683872
704,RUS,2020,0.7098614
704,CHN,2020,0.099418
705,RUS,2020,0.5763334
705,CHN,2020,0.03411
710,RUS,2020,0.6104434
712,RUS,2020,0.610596
712,CHN,2020,1.5260000000005e-4
731,RUS,2020,0.2905494
731,CHN,2020,0.319894
732,RUS,2020,0.8346552
732,CHN,2020,1.4450986
740,RUS,2020,0.5475332
740,CHN,2020,1.1579766
750,RUS,2020,0.1760328
750,CHN,2020,0.4344106
760,RUS,2020,0.5663258
760,CHN,2020,0.0441176
770,RUS,2020,0.2022387
770,CHN,2020,0.4082047
771,RUS,2020,0.7519485
771,CHN,2020,0.1415051
775,RUS,2020,0.919342
775,CHN,2020,0.3088986
780,RUS,2020,0.8156518
780,CHN,2020,0.2052084
781,RUS,2020,0.492277
781,CHN,2020,0.1181664
790,RUS,2020,0.6239123
790,CHN,2020,0.0134689
800,RUS,2020,0.3809479
800,CHN,2020,0.2294955
811,RUS,2020,1.1535457
811,CHN,2020,0.5431023
812,RUS,2020,0.9157624
812,CHN,2020,0.305319
816,RUS,2020,0.8433731
816,CHN,2020,0.2329297
820,RUS,2020,0.7305975
820,CHN,2020,0.1201541
830,RUS,2020,0.4007607
830,CHN,2020,0.2096827
835,RUS,2020,0.8840716
835,CHN,2020,0.2736282
840,RUS,2020,0.4798712
840,CHN,2020,0.1305722
850,RUS,2020,1.001468
850,CHN,2020,0.3910246
860,RUS,2020,0.4155347
860,CHN,2020,0.1949087
900,RUS,2020,1.3235503
900,CHN,2020,1.9339937
910,RUS,2020,0.2324829
910,CHN,2020,0.8429263
920,RUS,2020,0.6330353
920,CHN,2020,1.2434787
935,RUS,2020,0.2016746
935,CHN,2020,0.4087688
940,RUS,2020,0.03629526
940,CHN,2020,0.64673866
946,RUS,2020,0.11791577
946,CHN,2020,0.49252763
947,RUS,2020,0.0522879
947,CHN,2020,0.6627313
950,RUS,2020,0.08969474
950,CHN,2020,0.52074866
955,RUS,2020,0.0519106
955,CHN,2020,0.662354
970,RUS,2020,0.3354072
970,CHN,2020,0.9458506
983,RUS,2020,0.8209476
983,CHN,2020,1.431391
986,RUS,2020,0.1912762
986,CHN,2020,0.8017196
987,RUS,2020,1.3854343
987,CHN,2020,1.9958777
990,RUS,2020,0.04044181
990,CHN,2020,0.57000159
2,AVG_UKO_FRA_USA,2017,1.037197
2,AVG_UKO_FRA_USA,2018,1.127816
2,AVG_UKO_FRA_USA,2019,1.0535904999999999
2,AVG_UKO_FRA_USA,2020,1.1382115000000002
20,AVG_UKO_FRA_USA,2017,0.49444733333333335
20,AVG_UKO_FRA_USA,2018,0.5605406666666667
20,AVG_UKO_FRA_USA,2019,0.5443623333333334
20,AVG_UKO_FRA_USA,2020,0.6000553333333333
31,AVG_UKO_FRA_USA,2017,2.4674668333333334
31,AVG_UKO_FRA_USA,2018,2.221837466666667
31,AVG_UKO_FRA_USA,2019,2.2246916333333333
31,AVG_UKO_FRA_USA,2020,2.1835312333333334
40,AVG_UKO_FRA_USA,2017,3.8151083333333333
40,AVG_UKO_FRA_USA,2018,3.6750926666666666
40,AVG_UKO_FRA_USA,2019,3.532519333333333
40,AVG_UKO_FRA_USA,2020,3.5854013333333334
41,AVG_UKO_FRA_USA,2017,2.1970772333333333
41,AVG_UKO_FRA_USA,2018,1.8394445066666667
41,AVG_UKO_FRA_USA,2019,1.6918009333333333
41,AVG_UKO_FRA_USA,2020,1.7769646333333333
42,AVG_UKO_FRA_USA,2017,2.581400133333333
42,AVG_UKO_FRA_USA,2018,2.227615666666667
42,AVG_UKO_FRA_USA,2019,2.2300233333333335
42,AVG_UKO_FRA_USA,2020,2.2882960333333333
51,AVG_UKO_FRA_USA,2017,2.4536576333333335
51,AVG_UKO_FRA_USA,2018,2.4219777666666666
51,AVG_UKO_FRA_USA,2019,2.391118033333333
51,AVG_UKO_FRA_USA,2020,2.3872833333333334
52,AVG_UKO_FRA_USA,2017,2.6060478333333332
52,AVG_UKO_FRA_USA,2018,2.5561055666666666
52,AVG_UKO_FRA_USA,2019,2.388272633333333
52,AVG_UKO_FRA_USA,2020,2.426439033333333
53,AVG_UKO_FRA_USA,2017,2.3752057333333334
53,AVG_UKO_FRA_USA,2018,2.240139966666667
53,AVG_UKO_FRA_USA,2019,2.1820021333333335
53,AVG_UKO_FRA_USA,2020,2.1881100333333334
54,AVG_UKO_FRA_USA,2017,2.4630354333333333
54,AVG_UKO_FRA_USA,2018,2.5252402666666667
54,AVG_UKO_FRA_USA,2019,2.0343649333333333
54,AVG_UKO_FRA_USA,2020,2.545016233333333
55,AVG_UKO_FRA_USA,2017,2.5240318333333334
55,AVG_UKO_FRA_USA,2018,2.3579300666666665
55,AVG_UKO_FRA_USA,2019,2.452836733333333
55,AVG_UKO_FRA_USA,2020,2.5698626333333334
56,AVG_UKO_FRA_USA,2017,2.4690457333333335
56,AVG_UKO_FRA_USA,2018,2.451328966666667
56,AVG_UKO_FRA_USA,2019,2.401023733333333
56,AVG_UKO_FRA_USA,2020,2.382502233333333
57,AVG_UKO_FRA_USA,2017,2.6438503333333334
57,AVG_UKO_FRA_USA,2018,2.5847370666666665
57,AVG_UKO_FRA_USA,2019,2.540683733333333
57,AVG_UKO_FRA_USA,2020,2.535482533333333
58,AVG_UKO_FRA_USA,2017,2.4380050333333334
58,AVG_UKO_FRA_USA,2018,2.1677226666666667
58,AVG_UKO_FRA_USA,2019,2.4568209333333333
58,AVG_UKO_FRA_USA,2020,2.4796603333333334
60,AVG_UKO_FRA_USA,2017,2.4769577333333332
60,AVG_UKO_FRA_USA,2018,2.4190735666666665
60,AVG_UKO_FRA_USA,2019,2.368538833333333
60,AVG_UKO_FRA_USA,2020,2.347302733333333
70,AVG_UKO_FRA_USA,2017,1.9181783933333332
70,AVG_UKO_FRA_USA,2018,1.9529782466666665
70,AVG_UKO_FRA_USA,2019,1.9444395033333333
70,AVG_UKO_FRA_USA,2020,1.9409180703333333
80,AVG_UKO_FRA_USA,2017,2.4120847333333333
80,AVG_UKO_FRA_USA,2018,2.2616368666666666
80,AVG_UKO_FRA_USA,2019,2.1257959333333334
80,AVG_UKO_FRA_USA,2020,2.2739678333333333
90,AVG_UKO_FRA_USA,2017,1.9115648133333334
90,AVG_UKO_FRA_USA,2018,1.7378234666666668
90,AVG_UKO_FRA_USA,2019,1.8066699333333334
90,AVG_UKO_FRA_USA,2020,1.8325449333333332
91,AVG_UKO_FRA_USA,2017,1.8580936233333332
91,AVG_UKO_FRA_USA,2018,1.7497313666666665
91,AVG_UKO_FRA_USA,2019,1.8141517833333334
91,AVG_UKO_FRA_USA,2020,1.8635284633333333
92,AVG_UKO_FRA_USA,2017,2.4284681333333333
92,AVG_UKO_FRA_USA,2018,2.4113939666666666
92,AVG_UKO_FRA_USA,2019,2.2849876333333334
92,AVG_UKO_FRA_USA,2020,2.3381086333333334
93,AVG_UKO_FRA_USA,2017,3.2447753333333336
93,AVG_UKO_FRA_USA,2018,3.4512666666666667
93,AVG_UKO_FRA_USA,2019,3.4266653333333332
93,AVG_UKO_FRA_USA,2020,3.4872483333333335
94,AVG_UKO_FRA_USA,2017,2.1605098333333332
94,AVG_UKO_FRA_USA,2018,2.0588643666666666
94,AVG_UKO_FRA_USA,2019,2.0617386333333334
94,AVG_UKO_FRA_USA,2020,2.101112033333333
95,AVG_UKO_FRA_USA,2017,2.0566798333333334
95,AVG_UKO_FRA_USA,2018,1.9398278836666667
95,AVG_UKO_FRA_USA,2019,1.9902001033333334
95,AVG_UKO_FRA_USA,2020,1.9760390433333332
100,AVG_UKO_FRA_USA,2017,2.1837121333333336
100,AVG_UKO_FRA_USA,2018,2.004514636666667
100,AVG_UKO_FRA_USA,2019,1.8469837933333333
100,AVG_UKO_FRA_USA,2020,1.8734471233333334
101,AVG_UKO_FRA_USA,2017,3.517421333333333
101,AVG_UKO_FRA_USA,2018,3.4211876666666665
101,AVG_UKO_FRA_USA,2019,3.6662583333333334
101,AVG_UKO_FRA_USA,2020,3.584039333333333
110,AVG_UKO_FRA_USA,2017,2.6473152333333334
110,AVG_UKO_FRA_USA,2018,2.1916177666666665
110,AVG_UKO_FRA_USA,2019,2.1501583333333336
110,AVG_UKO_FRA_USA,2020,2.0465500333333333
115,AVG_UKO_FRA_USA,2017,2.4104281333333333
115,AVG_UKO_FRA_USA,2018,2.572759066666667
115,AVG_UKO_FRA_USA,2019,2.5894927333333335
115,AVG_UKO_FRA_USA,2020,2.4955224333333335
130,AVG_UKO_FRA_USA,2017,2.8630387333333336
130,AVG_UKO_FRA_USA,2018,2.5129214666666666
130,AVG_UKO_FRA_USA,2019,2.3584648333333336
130,AVG_UKO_FRA_USA,2020,2.3825574333333335
135,AVG_UKO_FRA_USA,2017,2.1169079333333336
135,AVG_UKO_FRA_USA,2018,2.0708972666666665
135,AVG_UKO_FRA_USA,2019,2.0806351333333333
135,AVG_UKO_FRA_USA,2020,2.0906580333333333
140,AVG_UKO_FRA_USA,2017,2.2323991333333333
140,AVG_UKO_FRA_USA,2018,1.9757819466666666
140,AVG_UKO_FRA_USA,2019,1.6129654333333332
140,AVG_UKO_FRA_USA,2020,1.6126040333333334
145,AVG_UKO_FRA_USA,2017,3.6819393333333332
145,AVG_UKO_FRA_USA,2018,3.1751146666666665
145,AVG_UKO_FRA_USA,2019,2.7280930333333333
145,AVG_UKO_FRA_USA,2020,2.7943099333333334
150,AVG_UKO_FRA_USA,2017,1.9870549733333334
150,AVG_UKO_FRA_USA,2018,2.0757841666666668
150,AVG_UKO_FRA_USA,2019,2.093162733333333
150,AVG_UKO_FRA_USA,2020,2.145853933333333
155,AVG_UKO_FRA_USA,2017,2.302358133333333
155,AVG_UKO_FRA_USA,2018,2.0516317666666666
155,AVG_UKO_FRA_USA,2019,2.1416940333333336
155,AVG_UKO_FRA_USA,2020,2.092884833333333
160,AVG_UKO_FRA_USA,2017,2.044622133333333
160,AVG_UKO_FRA_USA,2018,1.9616829366666666
160,AVG_UKO_FRA_USA,2019,1.9975570133333334
160,AVG_UKO_FRA_USA,2020,1.9947506633333334
165,AVG_UKO_FRA_USA,2017,2.4231489333333336
165,AVG_UKO_FRA_USA,2018,2.2970019666666666
165,AVG_UKO_FRA_USA,2019,2.3126534333333333
165,AVG_UKO_FRA_USA,2020,1.9995159133333333
200,AVG_UKO_FRA_USA,2017,0.5501005
200,AVG_UKO_FRA_USA,2018,0.6050715
200,AVG_UKO_FRA_USA,2019,0.587467
200,AVG_UKO_FRA_USA,2020,0.616928
205,AVG_UKO_FRA_USA,2017,1.2126929333333334
205,AVG_UKO_FRA_USA,2018,1.2215083666666666
205,AVG_UKO_FRA_USA,2019,1.1384030333333333
205,AVG_UKO_FRA_USA,2020,1.2514767333333334
210,AVG_UKO_FRA_USA,2017,0.9270823333333333
210,AVG_UKO_FRA_USA,2018,0.8369136666666667
210,AVG_UKO_FRA_USA,2019,0.8484383333333334
210,AVG_UKO_FRA_USA,2020,0.7424333333333334
211,AVG_UKO_FRA_USA,2017,0.9084113333333333
211,AVG_UKO_FRA_USA,2018,0.8875436666666667
211,AVG_UKO_FRA_USA,2019,0.8341853333333333
211,AVG_UKO_FRA_USA,2020,0.8813413333333333
212,AVG_UKO_FRA_USA,2017,0.8770863333333334
212,AVG_UKO_FRA_USA,2018,0.9650464666666667
212,AVG_UKO_FRA_USA,2019,0.8474253333333334
212,AVG_UKO_FRA_USA,2020,0.9067293333333334
220,AVG_UKO_FRA_USA,2017,0.6131044999999999
220,AVG_UKO_FRA_USA,2018,0.6873985
220,AVG_UKO_FRA_USA,2019,0.7088105
220,AVG_UKO_FRA_USA,2020,0.7125725
221,AVG_UKO_FRA_USA,2017,0.9550997333333333
221,AVG_UKO_FRA_USA,2018,0.8815476666666666
221,AVG_UKO_FRA_USA,2019,0.8893103333333333
221,AVG_UKO_FRA_USA,2020,0.8683223333333333
223,AVG_UKO_FRA_USA,2017,1.2668478333333333
223,AVG_UKO_FRA_USA,2018,1.1807634666666667
223,AVG_UKO_FRA_USA,2019,1.1818802333333334
223,AVG_UKO_FRA_USA,2020,1.2525618333333333
225,AVG_UKO_FRA_USA,2017,1.2708536333333333
225,AVG_UKO_FRA_USA,2018,1.2605150666666667
225,AVG_UKO_FRA_USA,2019,1.1274672333333333
225,AVG_UKO_FRA_USA,2020,1.1823678333333334
230,AVG_UKO_FRA_USA,2017,0.8950493333333334
230,AVG_UKO_FRA_USA,2018,0.9388028666666667
230,AVG_UKO_FRA_USA,2019,0.8274503333333334
230,AVG_UKO_FRA_USA,2020,0.9688169333333333
232,AVG_UKO_FRA_USA,2017,1.1635665333333334
232,AVG_UKO_FRA_USA,2018,1.1050606666666667
232,AVG_UKO_FRA_USA,2019,1.1485188333333334
232,AVG_UKO_FRA_USA,2020,1.2510463333333333
235,AVG_UKO_FRA_USA,2017,0.9199063333333334
235,AVG_UKO_FRA_USA,2018,1.0105499666666666
235,AVG_UKO_FRA_USA,2019,0.8652903333333334
235,AVG_UKO_FRA_USA,2020,0.9462500333333334
255,AVG_UKO_FRA_USA,2017,0.7424563333333334
255,AVG_UKO_FRA_USA,2018,0.7423876666666667
255,AVG_UKO_FRA_USA,2019,0.7140853333333333
255,AVG_UKO_FRA_USA,2020,0.6551713333333333
290,AVG_UKO_FRA_USA,2017,0.8291743333333333
290,AVG_UKO_FRA_USA,2018,0.7127556666666667
290,AVG_UKO_FRA_USA,2019,0.7231243333333334
290,AVG_UKO_FRA_USA,2020,0.7475583333333333
305,AVG_UKO_FRA_USA,2017,1.2426784333333334
305,AVG_UKO_FRA_USA,2018,1.1579358666666666
305,AVG_UKO_FRA_USA,2019,1.0971487333333334
305,AVG_UKO_FRA_USA,2020,1.1659188333333335
310,AVG_UKO_FRA_USA,2017,0.8351253333333333
310,AVG_UKO_FRA_USA,2018,0.5772596666666667
310,AVG_UKO_FRA_USA,2019,0.6839983333333334
310,AVG_UKO_FRA_USA,2020,0.6679353333333333
316,AVG_UKO_FRA_USA,2017,0.7070453333333333
316,AVG_UKO_FRA_USA,2018,0.6583756666666667
316,AVG_UKO_FRA_USA,2019,0.6600363333333333
316,AVG_UKO_FRA_USA,2020,0.5762083333333333
317,AVG_UKO_FRA_USA,2017,0.8895193333333333
317,AVG_UKO_FRA_USA,2018,0.8469726666666667
317,AVG_UKO_FRA_USA,2019,0.7840293333333334
317,AVG_UKO_FRA_USA,2020,0.7509203333333333
325,AVG_UKO_FRA_USA,2017,0.9306753333333333
325,AVG_UKO_FRA_USA,2018,0.8492956666666667
325,AVG_UKO_FRA_USA,2019,0.8422523333333334
325,AVG_UKO_FRA_USA,2020,0.9645707333333333
331,AVG_UKO_FRA_USA,2017,1.2482320333333332
331,AVG_UKO_FRA_USA,2018,1.1881530666666666
331,AVG_UKO_FRA_USA,2019,1.1560886333333333
331,AVG_UKO_FRA_USA,2020,1.2473973333333332
338,AVG_UKO_FRA_USA,2017,1.2511623333333333
338,AVG_UKO_FRA_USA,2018,1.2364924666666668
338,AVG_UKO_FRA_USA,2019,1.1705163333333335
338,AVG_UKO_FRA_USA,2020,1.2845514333333332
339,AVG_UKO_FRA_USA,2017,0.8945323333333334
339,AVG_UKO_FRA_USA,2018,0.8717226666666666
339,AVG_UKO_FRA_USA,2019,0.7672533333333333
339,AVG_UKO_FRA_USA,2020,0.8690063333333333
341,AVG_UKO_FRA_USA,2017,0.8978603333333334
341,AVG_UKO_FRA_USA,2018,0.9323792666666667
341,AVG_UKO_FRA_USA,2019,0.8591893333333334
341,AVG_UKO_FRA_USA,2020,0.9307013333333333
343,AVG_UKO_FRA_USA,2017,1.0591977333333333
343,AVG_UKO_FRA_USA,2018,1.0404727666666667
343,AVG_UKO_FRA_USA,2019,0.8767413333333334
343,AVG_UKO_FRA_USA,2020,0.9129453333333334
344,AVG_UKO_FRA_USA,2017,0.8818753333333333
344,AVG_UKO_FRA_USA,2018,0.8495136666666667
344,AVG_UKO_FRA_USA,2019,0.8611823333333334
344,AVG_UKO_FRA_USA,2020,0.7715743333333334
345,AVG_UKO_FRA_USA,2017,1.4296712333333335
345,AVG_UKO_FRA_USA,2018,1.5569787666666666
345,AVG_UKO_FRA_USA,2019,1.4609029333333332
345,AVG_UKO_FRA_USA,2020,1.5005894333333334
346,AVG_UKO_FRA_USA,2017,1.1407379333333334
346,AVG_UKO_FRA_USA,2018,1.1942732666666667
346,AVG_UKO_FRA_USA,2019,1.1578389333333332
346,AVG_UKO_FRA_USA,2020,1.3087071333333333
349,AVG_UKO_FRA_USA,2017,0.8842573333333333
349,AVG_UKO_FRA_USA,2018,0.8991996666666666
349,AVG_UKO_FRA_USA,2019,0.8875723333333334
349,AVG_UKO_FRA_USA,2020,0.8161203333333333
350,AVG_UKO_FRA_USA,2017,1.0258606333333333
350,AVG_UKO_FRA_USA,2018,1.0574370666666666
350,AVG_UKO_FRA_USA,2019,0.8808943333333333
350,AVG_UKO_FRA_USA,2020,0.9917649333333333
352,AVG_UKO_FRA_USA,2017,1.2726963333333332
352,AVG_UKO_FRA_USA,2018,1.2886879666666666
352,AVG_UKO_FRA_USA,2019,1.1755478333333333
352,AVG_UKO_FRA_USA,2020,1.3028762333333332
355,AVG_UKO_FRA_USA,2017,0.9246153333333333
355,AVG_UKO_FRA_USA,2018,0.9369081666666668
355,AVG_UKO_FRA_USA,2019,0.7909753333333334
355,AVG_UKO_FRA_USA,2020,0.7667853333333333
359,AVG_UKO_FRA_USA,2017,1.1717262333333334
359,AVG_UKO_FRA_USA,2018,1.1877639666666666
359,AVG_UKO_FRA_USA,2019,1.2324120333333335
359,AVG_UKO_FRA_USA,2020,1.3125686333333333
360,AVG_UKO_FRA_USA,2017,0.8314443333333333
360,AVG_UKO_FRA_USA,2018,0.8441876666666667
360,AVG_UKO_FRA_USA,2019,0.7365843333333334
360,AVG_UKO_FRA_USA,2020,0.7936603333333333
365,AVG_UKO_FRA_USA,2017,1.8358940333333333
365,AVG_UKO_FRA_USA,2018,1.8311158666666667
365,AVG_UKO_FRA_USA,2019,1.8024224333333334
365,AVG_UKO_FRA_USA,2020,1.8769546333333333
366,AVG_UKO_FRA_USA,2017,0.8623883333333333
366,AVG_UKO_FRA_USA,2018,0.7917166666666666
366,AVG_UKO_FRA_USA,2019,0.7499383333333334
366,AVG_UKO_FRA_USA,2020,0.7012753333333334
367,AVG_UKO_FRA_USA,2017,0.8591813333333334
367,AVG_UKO_FRA_USA,2018,0.7455146666666667
367,AVG_UKO_FRA_USA,2019,0.7404533333333334
367,AVG_UKO_FRA_USA,2020,0.7637483333333334
368,AVG_UKO_FRA_USA,2017,0.8372543333333333
368,AVG_UKO_FRA_USA,2018,0.7211936666666667
368,AVG_UKO_FRA_USA,2019,0.6934673333333333
368,AVG_UKO_FRA_USA,2020,0.7012323333333333
369,AVG_UKO_FRA_USA,2017,0.7582123333333334
369,AVG_UKO_FRA_USA,2018,0.8553486666666668
369,AVG_UKO_FRA_USA,2019,0.6887623333333334
369,AVG_UKO_FRA_USA,2020,0.8446763333333334
370,AVG_UKO_FRA_USA,2017,2.1832092333333333
370,AVG_UKO_FRA_USA,2018,2.1922298666666666
370,AVG_UKO_FRA_USA,2019,2.1041217333333333
370,AVG_UKO_FRA_USA,2020,2.1908205333333335
371,AVG_UKO_FRA_USA,2017,1.7818969333333334
371,AVG_UKO_FRA_USA,2018,1.7680487666666667
371,AVG_UKO_FRA_USA,2019,1.7724466333333333
371,AVG_UKO_FRA_USA,2020,1.7322323333333334
372,AVG_UKO_FRA_USA,2017,1.0393301333333334
372,AVG_UKO_FRA_USA,2018,1.0418435666666666
372,AVG_UKO_FRA_USA,2019,0.9980479333333333
372,AVG_UKO_FRA_USA,2020,1.0006616333333334
373,AVG_UKO_FRA_USA,2017,2.7506876333333334
373,AVG_UKO_FRA_USA,2018,2.6362594666666666
373,AVG_UKO_FRA_USA,2019,2.5914532333333336
373,AVG_UKO_FRA_USA,2020,2.735986233333333
375,AVG_UKO_FRA_USA,2017,1.0445135333333333
375,AVG_UKO_FRA_USA,2018,1.0234136666666667
375,AVG_UKO_FRA_USA,2019,0.9990614333333333
375,AVG_UKO_FRA_USA,2020,1.0217619333333334
380,AVG_UKO_FRA_USA,2017,1.1463014333333335
380,AVG_UKO_FRA_USA,2018,1.0879423666666668
380,AVG_UKO_FRA_USA,2019,1.0487182333333334
380,AVG_UKO_FRA_USA,2020,1.0825478333333334
385,AVG_UKO_FRA_USA,2017,1.0141490333333334
385,AVG_UKO_FRA_USA,2018,1.0014900666666666
385,AVG_UKO_FRA_USA,2019,0.9607288333333334
385,AVG_UKO_FRA_USA,2020,0.9353603333333333
390,AVG_UKO_FRA_USA,2017,0.8144173333333333
390,AVG_UKO_FRA_USA,2018,0.8077146666666667
390,AVG_UKO_FRA_USA,2019,0.7695473333333334
390,AVG_UKO_FRA_USA,2020,0.7344363333333334
395,AVG_UKO_FRA_USA,2017,1.0164245333333333
395,AVG_UKO_FRA_USA,2018,1.0481136666666666
395,AVG_UKO_FRA_USA,2019,0.9325499333333334
395,AVG_UKO_FRA_USA,2020,0.9828033333333334
402,AVG_UKO_FRA_USA,2017,2.490329733333333
402,AVG_UKO_FRA_USA,2018,2.354360166666667
402,AVG_UKO_FRA_USA,2019,2.1996265333333334
402,AVG_UKO_FRA_USA,2020,2.215728433333333
403,AVG_UKO_FRA_USA,2017,2.4456931333333336
403,AVG_UKO_FRA_USA,2018,2.2275072666666667
403,AVG_UKO_FRA_USA,2019,2.4120790333333333
403,AVG_UKO_FRA_USA,2020,2.4154674333333332
404,AVG_UKO_FRA_USA,2017,2.5936973333333335
404,AVG_UKO_FRA_USA,2018,2.4010515666666667
404,AVG_UKO_FRA_USA,2019,2.373625033333333
404,AVG_UKO_FRA_USA,2020,2.4819225333333335
411,AVG_UKO_FRA_USA,2017,2.3503758333333336
411,AVG_UKO_FRA_USA,2018,2.2979830666666667
411,AVG_UKO_FRA_USA,2019,2.4991545333333334
411,AVG_UKO_FRA_USA,2020,2.4513342333333332
420,AVG_UKO_FRA_USA,2017,2.5817645333333332
420,AVG_UKO_FRA_USA,2018,2.400445266666667
420,AVG_UKO_FRA_USA,2019,2.452041933333333
420,AVG_UKO_FRA_USA,2020,2.427902433333333
432,AVG_UKO_FRA_USA,2017,2.0975399333333336
432,AVG_UKO_FRA_USA,2018,2.204434866666667
432,AVG_UKO_FRA_USA,2019,2.0632489333333335
432,AVG_UKO_FRA_USA,2020,2.058725133333333
433,AVG_UKO_FRA_USA,2017,2.5099820333333334
433,AVG_UKO_FRA_USA,2018,2.2732814666666665
433,AVG_UKO_FRA_USA,2019,2.4443246333333333
433,AVG_UKO_FRA_USA,2020,2.459728533333333
434,AVG_UKO_FRA_USA,2017,2.527674033333333
434,AVG_UKO_FRA_USA,2018,2.3866148666666667
434,AVG_UKO_FRA_USA,2019,2.4115525333333334
434,AVG_UKO_FRA_USA,2020,2.3270028333333332
435,AVG_UKO_FRA_USA,2017,2.6012395333333336
435,AVG_UKO_FRA_USA,2018,2.6610727666666665
435,AVG_UKO_FRA_USA,2019,2.816295033333333
435,AVG_UKO_FRA_USA,2020,2.6563706333333332
436,AVG_UKO_FRA_USA,2017,2.5515695333333333
436,AVG_UKO_FRA_USA,2018,2.655075666666667
436,AVG_UKO_FRA_USA,2019,2.5408388333333334
436,AVG_UKO_FRA_USA,2020,2.2425524333333335
437,AVG_UKO_FRA_USA,2017,2.3581957333333334
437,AVG_UKO_FRA_USA,2018,1.9897277966666667
437,AVG_UKO_FRA_USA,2019,2.087274633333333
437,AVG_UKO_FRA_USA,2020,2.1421737333333333
438,AVG_UKO_FRA_USA,2017,2.7526731333333334
438,AVG_UKO_FRA_USA,2018,2.6077096666666666
438,AVG_UKO_FRA_USA,2019,2.704803533333333
438,AVG_UKO_FRA_USA,2020,2.440218133333333
439,AVG_UKO_FRA_USA,2017,2.5459503333333333
439,AVG_UKO_FRA_USA,2018,2.4889100666666666
439,AVG_UKO_FRA_USA,2019,2.3857428333333335
439,AVG_UKO_FRA_USA,2020,2.423795833333333
450,AVG_UKO_FRA_USA,2017,2.1845949333333334
450,AVG_UKO_FRA_USA,2018,1.7681323666666666
450,AVG_UKO_FRA_USA,2019,1.5504029333333333
450,AVG_UKO_FRA_USA,2020,1.7003073333333334
451,AVG_UKO_FRA_USA,2017,2.5492708333333334
451,AVG_UKO_FRA_USA,2018,2.520118666666667
451,AVG_UKO_FRA_USA,2019,2.4928748333333335
451,AVG_UKO_FRA_USA,2020,2.5377680333333332
452,AVG_UKO_FRA_USA,2017,2.349005733333333
452,AVG_UKO_FRA_USA,2018,2.1049893666666666
452,AVG_UKO_FRA_USA,2019,2.042203833333333
452,AVG_UKO_FRA_USA,2020,2.4082830333333334
461,AVG_UKO_FRA_USA,2017,1.9252643933333333
461,AVG_UKO_FRA_USA,2018,1.9540978766666668
461,AVG_UKO_FRA_USA,2019,1.9345122933333334
461,AVG_UKO_FRA_USA,2020,1.9766281533333334
471,AVG_UKO_FRA_USA,2017,1.8535528633333334
471,AVG_UKO_FRA_USA,2018,1.9729045766666666
471,AVG_UKO_FRA_USA,2019,1.8737184133333333
471,AVG_UKO_FRA_USA,2020,1.8983643833333332
475,AVG_UKO_FRA_USA,2017,2.439790933333333
475,AVG_UKO_FRA_USA,2018,2.3607927666666666
475,AVG_UKO_FRA_USA,2019,2.3069876333333332
475,AVG_UKO_FRA_USA,2020,2.217443433333333
481,AVG_UKO_FRA_USA,2017,2.3484556333333333
481,AVG_UKO_FRA_USA,2018,2.244660366666667
481,AVG_UKO_FRA_USA,2019,2.5885226333333335
481,AVG_UKO_FRA_USA,2020,2.474525933333333
482,AVG_UKO_FRA_USA,2017,2.026826553333333
482,AVG_UKO_FRA_USA,2018,2.0686128666666668
482,AVG_UKO_FRA_USA,2019,1.9071411075333333
482,AVG_UKO_FRA_USA,2020,1.9891025533333333
483,AVG_UKO_FRA_USA,2017,2.549756933333333
483,AVG_UKO_FRA_USA,2018,2.635034966666667
483,AVG_UKO_FRA_USA,2019,2.4786965333333333
483,AVG_UKO_FRA_USA,2020,2.468242233333333
484,AVG_UKO_FRA_USA,2017,2.676658033333333
484,AVG_UKO_FRA_USA,2018,2.5435649666666666
484,AVG_UKO_FRA_USA,2019,2.6677926333333333
484,AVG_UKO_FRA_USA,2020,2.5148664333333333
490,AVG_UKO_FRA_USA,2017,2.4444765333333334
490,AVG_UKO_FRA_USA,2018,2.1777659666666667
490,AVG_UKO_FRA_USA,2019,2.4159656333333333
490,AVG_UKO_FRA_USA,2020,2.0703774333333334
500,AVG_UKO_FRA_USA,2017,3.0363693333333335
500,AVG_UKO_FRA_USA,2018,2.8834595666666667
500,AVG_UKO_FRA_USA,2019,2.7306345333333333
500,AVG_UKO_FRA_USA,2020,2.6927235333333335
501,AVG_UKO_FRA_USA,2017,2.6908752333333332
501,AVG_UKO_FRA_USA,2018,2.6968617666666668
501,AVG_UKO_FRA_USA,2019,2.3602686333333334
501,AVG_UKO_FRA_USA,2020,2.548601333333333
510,AVG_UKO_FRA_USA,2017,2.7277309333333335
510,AVG_UKO_FRA_USA,2018,2.7210715666666667
510,AVG_UKO_FRA_USA,2019,2.5692971333333334
510,AVG_UKO_FRA_USA,2020,2.5084312333333334
516,AVG_UKO_FRA_USA,2017,3.5299803333333335
516,AVG_UKO_FRA_USA,2018,3.0559046666666667
516,AVG_UKO_FRA_USA,2019,2.9821283333333333
516,AVG_UKO_FRA_USA,2020,3.2414023333333333
517,AVG_UKO_FRA_USA,2017,2.1203727333333333
517,AVG_UKO_FRA_USA,2018,1.9545846166666667
517,AVG_UKO_FRA_USA,2019,2.0470134333333334
517,AVG_UKO_FRA_USA,2020,2.1026924333333334
520,AVG_UKO_FRA_USA,2017,2.5343682333333333
520,AVG_UKO_FRA_USA,2018,2.452274366666667
520,AVG_UKO_FRA_USA,2019,2.5217503333333333
520,AVG_UKO_FRA_USA,2020,2.5612725333333333
522,AVG_UKO_FRA_USA,2017,2.6023193333333334
522,AVG_UKO_FRA_USA,2018,2.2970627666666665
522,AVG_UKO_FRA_USA,2019,2.349264933333333
522,AVG_UKO_FRA_USA,2020,2.498483333333333
530,AVG_UKO_FRA_USA,2017,2.4653553333333336
530,AVG_UKO_FRA_USA,2018,2.3420915666666664
530,AVG_UKO_FRA_USA,2019,2.3552690333333333
530,AVG_UKO_FRA_USA,2020,2.4132620333333334
531,AVG_UKO_FRA_USA,2017,2.7233034333333332
531,AVG_UKO_FRA_USA,2018,2.6714909666666666
531,AVG_UKO_FRA_USA,2019,2.6200510333333336
531,AVG_UKO_FRA_USA,2020,2.628189133333333
540,AVG_UKO_FRA_USA,2017,2.5139485333333336
540,AVG_UKO_FRA_USA,2018,2.5180953666666666
540,AVG_UKO_FRA_USA,2019,2.4915604333333334
540,AVG_UKO_FRA_USA,2020,2.4080192333333335
541,AVG_UKO_FRA_USA,2017,2.6977436333333333
541,AVG_UKO_FRA_USA,2018,2.5691117666666665
541,AVG_UKO_FRA_USA,2019,2.547726433333333
541,AVG_UKO_FRA_USA,2020,2.419895133333333
551,AVG_UKO_FRA_USA,2017,2.6729498333333335
551,AVG_UKO_FRA_USA,2018,2.608857366666667
551,AVG_UKO_FRA_USA,2019,2.4194177333333333
551,AVG_UKO_FRA_USA,2020,2.5190276333333332
552,AVG_UKO_FRA_USA,2017,3.896907333333333
552,AVG_UKO_FRA_USA,2018,3.3613626666666665
552,AVG_UKO_FRA_USA,2019,2.3053781333333334
552,AVG_UKO_FRA_USA,2020,2.371578433333333
553,AVG_UKO_FRA_USA,2017,2.430585033333333
553,AVG_UKO_FRA_USA,2018,2.2550597666666667
553,AVG_UKO_FRA_USA,2019,2.3313058333333334
553,AVG_UKO_FRA_USA,2020,2.0470660333333335
560,AVG_UKO_FRA_USA,2017,2.398497633333333
560,AVG_UKO_FRA_USA,2018,2.3641272666666664
560,AVG_UKO_FRA_USA,2019,2.2595205333333332
560,AVG_UKO_FRA_USA,2020,2.2663946333333334
565,AVG_UKO_FRA_USA,2017,2.7337935333333334
565,AVG_UKO_FRA_USA,2018,2.5873334666666667
565,AVG_UKO_FRA_USA,2019,2.3911257333333333
565,AVG_UKO_FRA_USA,2020,2.5407523333333333
570,AVG_UKO_FRA_USA,2017,2.6778384333333336
570,AVG_UKO_FRA_USA,2018,2.3394364666666667
570,AVG_UKO_FRA_USA,2019,2.230344033333333
570,AVG_UKO_FRA_USA,2020,2.227709433333333
571,AVG_UKO_FRA_USA,2017,2.3540015333333333
571,AVG_UKO_FRA_USA,2018,2.2584565666666667
571,AVG_UKO_FRA_USA,2019,2.271618533333333
571,AVG_UKO_FRA_USA,2020,2.2465504333333333
572,AVG_UKO_FRA_USA,2017,2.693735833333333
572,AVG_UKO_FRA_USA,2018,2.0503905666666666
572,AVG_UKO_FRA_USA,2019,2.1308197333333334
572,AVG_UKO_FRA_USA,2020,2.403159833333333
580,AVG_UKO_FRA_USA,2017,2.4875964333333336
580,AVG_UKO_FRA_USA,2018,2.5993055666666667
580,AVG_UKO_FRA_USA,2019,2.4782728333333335
580,AVG_UKO_FRA_USA,2020,2.038450533333333
581,AVG_UKO_FRA_USA,2017,2.5449165333333332
581,AVG_UKO_FRA_USA,2018,2.6855223666666665
581,AVG_UKO_FRA_USA,2019,2.4481344333333332
581,AVG_UKO_FRA_USA,2020,2.304507533333333
590,AVG_UKO_FRA_USA,2017,2.6415457333333334
590,AVG_UKO_FRA_USA,2018,2.3985209666666667
590,AVG_UKO_FRA_USA,2019,2.4365731333333334
590,AVG_UKO_FRA_USA,2020,2.4917936333333333
591,AVG_UKO_FRA_USA,2017,2.337388333333333
591,AVG_UKO_FRA_USA,2018,2.4120625666666666
591,AVG_UKO_FRA_USA,2019,2.3444249333333333
591,AVG_UKO_FRA_USA,2020,2.2390343333333336
600,AVG_UKO_FRA_USA,2017,2.3182085333333333
600,AVG_UKO_FRA_USA,2018,2.378561866666667
600,AVG_UKO_FRA_USA,2019,2.5406106333333334
600,AVG_UKO_FRA_USA,2020,2.5668484333333335
615,AVG_UKO_FRA_USA,2017,2.9193040333333333
615,AVG_UKO_FRA_USA,2018,2.9216700666666666
615,AVG_UKO_FRA_USA,2019,2.8789606333333335
615,AVG_UKO_FRA_USA,2020,3.0266393333333332
616,AVG_UKO_FRA_USA,2017,2.663936233333333
616,AVG_UKO_FRA_USA,2018,2.4875716666666667
616,AVG_UKO_FRA_USA,2019,2.639957933333333
616,AVG_UKO_FRA_USA,2020,2.5819205333333333
620,AVG_UKO_FRA_USA,2017,2.750671233333333
620,AVG_UKO_FRA_USA,2018,2.5181018666666666
620,AVG_UKO_FRA_USA,2019,2.691295833333333
620,AVG_UKO_FRA_USA,2020,2.4828805333333333
625,AVG_UKO_FRA_USA,2017,3.2401143333333335
625,AVG_UKO_FRA_USA,2018,3.0721776666666667
625,AVG_UKO_FRA_USA,2019,2.9880033333333333
625,AVG_UKO_FRA_USA,2020,3.044795333333333
626,AVG_UKO_FRA_USA,2017,1.2215297333333335
626,AVG_UKO_FRA_USA,2018,1.8237421666666667
626,AVG_UKO_FRA_USA,2019,1.8437356733333332
626,AVG_UKO_FRA_USA,2020,2.2106478333333333
630,AVG_UKO_FRA_USA,2017,3.524239333333333
630,AVG_UKO_FRA_USA,2018,3.8425566666666664
630,AVG_UKO_FRA_USA,2019,3.5736173333333334
630,AVG_UKO_FRA_USA,2020,3.7035343333333333
640,AVG_UKO_FRA_USA,2017,1.2762068333333334
640,AVG_UKO_FRA_USA,2018,1.3353812666666667
640,AVG_UKO_FRA_USA,2019,1.3065478333333334
640,AVG_UKO_FRA_USA,2020,1.3302539333333332
645,AVG_UKO_FRA_USA,2017,2.7651005333333334
645,AVG_UKO_FRA_USA,2018,2.8525245666666668
645,AVG_UKO_FRA_USA,2019,2.8112407333333334
645,AVG_UKO_FRA_USA,2020,2.767529833333333
651,AVG_UKO_FRA_USA,2017,2.9588543333333335
651,AVG_UKO_FRA_USA,2018,3.1833566666666666
651,AVG_UKO_FRA_USA,2019,2.9680313333333332
651,AVG_UKO_FRA_USA,2020,2.9869173333333334
652,AVG_UKO_FRA_USA,2017,3.8150803333333334
652,AVG_UKO_FRA_USA,2018,3.7633176666666666
652,AVG_UKO_FRA_USA,2019,3.835748333333333
652,AVG_UKO_FRA_USA,2020,3.8240273333333334
660,AVG_UKO_FRA_USA,2017,3.0112443333333334
660,AVG_UKO_FRA_USA,2018,2.901980866666667
660,AVG_UKO_FRA_USA,2019,3.031109333333333
660,AVG_UKO_FRA_USA,2020,2.9489213333333333
663,AVG_UKO_FRA_USA,2017,2.6759007333333336
663,AVG_UKO_FRA_USA,2018,2.5733763666666665
663,AVG_UKO_FRA_USA,2019,2.669196433333333
663,AVG_UKO_FRA_USA,2020,2.4956570333333334
666,AVG_UKO_FRA_USA,2017,0.6384763333333333
666,AVG_UKO_FRA_USA,2018,0.694605
666,AVG_UKO_FRA_USA,2019,0.6641193333333334
666,AVG_UKO_FRA_USA,2020,0.7207393333333333
670,AVG_UKO_FRA_USA,2017,2.5663601333333332
670,AVG_UKO_FRA_USA,2018,2.640371366666667
670,AVG_UKO_FRA_USA,2019,2.3493391333333333
670,AVG_UKO_FRA_USA,2020,2.514705633333333
679,AVG_UKO_FRA_USA,2017,2.5614015333333335
679,AVG_UKO_FRA_USA,2018,2.7697570666666667
679,AVG_UKO_FRA_USA,2019,2.6441139333333332
679,AVG_UKO_FRA_USA,2020,2.504568933333333
690,AVG_UKO_FRA_USA,2017,2.7485257333333335
690,AVG_UKO_FRA_USA,2018,2.8112947666666668
690,AVG_UKO_FRA_USA,2019,2.6995489333333333
690,AVG_UKO_FRA_USA,2020,2.610087833333333
692,AVG_UKO_FRA_USA,2017,2.5821441333333333
692,AVG_UKO_FRA_USA,2018,2.5164080666666666
692,AVG_UKO_FRA_USA,2019,2.474538133333333
692,AVG_UKO_FRA_USA,2020,2.473062233333333
694,AVG_UKO_FRA_USA,2017,2.5541427333333333
694,AVG_UKO_FRA_USA,2018,2.6207532666666666
694,AVG_UKO_FRA_USA,2019,2.6875344333333335
694,AVG_UKO_FRA_USA,2020,2.6204655333333333
696,AVG_UKO_FRA_USA,2017,2.3982264333333334
696,AVG_UKO_FRA_USA,2018,2.5697384666666667
696,AVG_UKO_FRA_USA,2019,2.566306733333333
696,AVG_UKO_FRA_USA,2020,2.544845533333333
698,AVG_UKO_FRA_USA,2017,2.9780283333333335
698,AVG_UKO_FRA_USA,2018,2.9197988666666665
698,AVG_UKO_FRA_USA,2019,2.8580969333333335
698,AVG_UKO_FRA_USA,2020,2.808387933333333
700,AVG_UKO_FRA_USA,2017,2.8948556333333335
700,AVG_UKO_FRA_USA,2018,2.8533466666666665
700,AVG_UKO_FRA_USA,2019,2.4724144333333333
700,AVG_UKO_FRA_USA,2020,2.523422533333333
701,AVG_UKO_FRA_USA,2017,2.814997433333333
701,AVG_UKO_FRA_USA,2018,2.7969018666666665
701,AVG_UKO_FRA_USA,2019,2.682195233333333
701,AVG_UKO_FRA_USA,2020,2.6201418333333333
702,AVG_UKO_FRA_USA,2017,2.6246685333333333
702,AVG_UKO_FRA_USA,2018,2.5015086666666666
702,AVG_UKO_FRA_USA,2019,2.5370444333333335
702,AVG_UKO_FRA_USA,2020,2.4430462333333334
703,AVG_UKO_FRA_USA,2017,2.564084333333333
703,AVG_UKO_FRA_USA,2018,2.6815027666666666
703,AVG_UKO_FRA_USA,2019,2.6569917333333333
703,AVG_UKO_FRA_USA,2020,2.6557852333333334
704,AVG_UKO_FRA_USA,2017,2.1870808333333334
704,AVG_UKO_FRA_USA,2018,2.375959866666667
704,AVG_UKO_FRA_USA,2019,2.2119083333333336
704,AVG_UKO_FRA_USA,2020,2.586816033333333
705,AVG_UKO_FRA_USA,2017,2.4941939333333334
705,AVG_UKO_FRA_USA,2018,2.3422263666666665
705,AVG_UKO_FRA_USA,2019,2.523481933333333
705,AVG_UKO_FRA_USA,2020,2.453288033333333
710,AVG_UKO_FRA_USA,2017,2.3107051333333333
710,AVG_UKO_FRA_USA,2018,2.4285192666666666
710,AVG_UKO_FRA_USA,2019,2.2539543333333336
710,AVG_UKO_FRA_USA,2020,2.487398033333333
712,AVG_UKO_FRA_USA,2017,2.4889944333333336
712,AVG_UKO_FRA_USA,2018,2.4325909666666665
712,AVG_UKO_FRA_USA,2019,2.488052833333333
712,AVG_UKO_FRA_USA,2020,2.487550633333333
731,AVG_UKO_FRA_USA,2017,2.1537960333333332
731,AVG_UKO_FRA_USA,2018,2.5773344666666667
731,AVG_UKO_FRA_USA,2019,2.0783285333333334
731,AVG_UKO_FRA_USA,2020,2.1675040333333335
732,AVG_UKO_FRA_USA,2017,0.9840554333333333
732,AVG_UKO_FRA_USA,2018,1.0291871666666668
732,AVG_UKO_FRA_USA,2019,1.0800049333333335
732,AVG_UKO_FRA_USA,2020,1.0422994333333333
740,AVG_UKO_FRA_USA,2017,1.2954417333333335
740,AVG_UKO_FRA_USA,2018,1.1642825666666667
740,AVG_UKO_FRA_USA,2019,1.2155956333333333
740,AVG_UKO_FRA_USA,2020,1.3294214333333332
750,AVG_UKO_FRA_USA,2017,2.141294333333333
750,AVG_UKO_FRA_USA,2018,2.219137866666667
750,AVG_UKO_FRA_USA,2019,2.0869463333333336
750,AVG_UKO_FRA_USA,2020,2.0529874333333336
760,AVG_UKO_FRA_USA,2017,2.6059482333333333
760,AVG_UKO_FRA_USA,2018,2.455790566666667
760,AVG_UKO_FRA_USA,2019,2.4712369333333335
760,AVG_UKO_FRA_USA,2020,2.4432804333333333
770,AVG_UKO_FRA_USA,2017,2.1694941333333335
770,AVG_UKO_FRA_USA,2018,2.2831570666666665
770,AVG_UKO_FRA_USA,2019,2.0216534333333334
770,AVG_UKO_FRA_USA,2020,2.0791933333333334
771,AVG_UKO_FRA_USA,2017,2.6819155333333335
771,AVG_UKO_FRA_USA,2018,2.4906527666666665
771,AVG_UKO_FRA_USA,2019,2.489985133333333
771,AVG_UKO_FRA_USA,2020,2.628903133333333
775,AVG_UKO_FRA_USA,2017,2.6436147333333335
775,AVG_UKO_FRA_USA,2018,2.7556601666666665
775,AVG_UKO_FRA_USA,2019,2.6328305333333333
775,AVG_UKO_FRA_USA,2020,2.7962966333333332
780,AVG_UKO_FRA_USA,2017,2.6562935333333333
780,AVG_UKO_FRA_USA,2018,2.5128989666666666
780,AVG_UKO_FRA_USA,2019,2.5680033333333334
780,AVG_UKO_FRA_USA,2020,2.6926064333333333
781,AVG_UKO_FRA_USA,2017,2.564909233333333
781,AVG_UKO_FRA_USA,2018,2.4305878666666665
781,AVG_UKO_FRA_USA,2019,2.480998733333333
781,AVG_UKO_FRA_USA,2020,2.3692316333333334
790,AVG_UKO_FRA_USA,2017,2.728303933333333
790,AVG_UKO_FRA_USA,2018,2.5251886666666667
790,AVG_UKO_FRA_USA,2019,2.5207183333333334
790,AVG_UKO_FRA_USA,2020,2.500866933333333
800,AVG_UKO_FRA_USA,2017,2.5128086333333335
800,AVG_UKO_FRA_USA,2018,2.2820964666666668
800,AVG_UKO_FRA_USA,2019,2.4055329333333333
800,AVG_UKO_FRA_USA,2020,2.2579025333333336
811,AVG_UKO_FRA_USA,2017,2.9784533333333334
811,AVG_UKO_FRA_USA,2018,3.2346636666666666
811,AVG_UKO_FRA_USA,2019,3.0901773333333336
811,AVG_UKO_FRA_USA,2020,3.0305003333333334
812,AVG_UKO_FRA_USA,2017,3.1257053333333333
812,AVG_UKO_FRA_USA,2018,2.9716906666666665
812,AVG_UKO_FRA_USA,2019,2.7804883333333335
812,AVG_UKO_FRA_USA,2020,2.792717033333333
816,AVG_UKO_FRA_USA,2017,2.8947840333333335
816,AVG_UKO_FRA_USA,2018,2.798785966666667
816,AVG_UKO_FRA_USA,2019,2.6917702333333335
816,AVG_UKO_FRA_USA,2020,2.7203277333333333
820,AVG_UKO_FRA_USA,2017,2.6760171333333336
820,AVG_UKO_FRA_USA,2018,2.6447760666666666
820,AVG_UKO_FRA_USA,2019,2.6148206333333333
820,AVG_UKO_FRA_USA,2020,2.6075521333333334
830,AVG_UKO_FRA_USA,2017,2.6951130333333335
830,AVG_UKO_FRA_USA,2018,2.3459324666666665
830,AVG_UKO_FRA_USA,2019,2.3799151333333333
830,AVG_UKO_FRA_USA,2020,2.277715333333333
835,AVG_UKO_FRA_USA,2017,2.8742170333333332
835,AVG_UKO_FRA_USA,2018,2.8613284666666665
835,AVG_UKO_FRA_USA,2019,2.704737833333333
835,AVG_UKO_FRA_USA,2020,2.7610262333333333
840,AVG_UKO_FRA_USA,2017,2.7394146333333333
840,AVG_UKO_FRA_USA,2018,2.2683767666666665
840,AVG_UKO_FRA_USA,2019,2.342401333333333
840,AVG_UKO_FRA_USA,2020,2.356825833333333
850,AVG_UKO_FRA_USA,2017,2.9724543333333333
850,AVG_UKO_FRA_USA,2018,2.9863916666666666
850,AVG_UKO_FRA_USA,2019,2.7502654333333334
850,AVG_UKO_FRA_USA,2020,2.8784226333333334
860,AVG_UKO_FRA_USA,2017,2.3739694333333334
860,AVG_UKO_FRA_USA,2018,2.2291717666666666
860,AVG_UKO_FRA_USA,2019,2.276553333333333
860,AVG_UKO_FRA_USA,2020,2.292489333333333
900,AVG_UKO_FRA_USA,2017,0.7256203333333333
900,AVG_UKO_FRA_USA,2018,0.4767716666666667
900,AVG_UKO_FRA_USA,2019,0.4873773333333334
900,AVG_UKO_FRA_USA,2020,0.5534043333333334
910,AVG_UKO_FRA_USA,2017,2.0645187333333332
910,AVG_UKO_FRA_USA,2018,1.8502407166666668
910,AVG_UKO_FRA_USA,2019,1.8155743633333334
910,AVG_UKO_FRA_USA,2020,1.6444717333333334
920,AVG_UKO_FRA_USA,2017,1.3065010333333333
920,AVG_UKO_FRA_USA,2018,1.1965918666666666
920,AVG_UKO_FRA_USA,2019,1.1819153333333334
920,AVG_UKO_FRA_USA,2020,1.2439193333333334
935,AVG_UKO_FRA_USA,2017,2.0428079133333332
935,AVG_UKO_FRA_USA,2018,1.8124860666666667
935,AVG_UKO_FRA_USA,2019,1.8898872833333333
935,AVG_UKO_FRA_USA,2020,2.0786292333333334
940,AVG_UKO_FRA_USA,2017,1.9024870433333332
940,AVG_UKO_FRA_USA,2018,1.6566307666666666
940,AVG_UKO_FRA_USA,2019,2.0199960333333333
940,AVG_UKO_FRA_USA,2020,1.8406593733333334
946,AVG_UKO_FRA_USA,2017,2.3975398333333335
946,AVG_UKO_FRA_USA,2018,1.4472980666666668
946,AVG_UKO_FRA_USA,2019,1.9048634663333333
946,AVG_UKO_FRA_USA,2020,1.9948704033333333
947,AVG_UKO_FRA_USA,2017,1.8846776733333335
947,AVG_UKO_FRA_USA,2018,1.8374124566666667
947,AVG_UKO_FRA_USA,2019,1.9938159033333334
947,AVG_UKO_FRA_USA,2020,1.8246667333333333
950,AVG_UKO_FRA_USA,2017,2.3715941333333332
950,AVG_UKO_FRA_USA,2018,1.8355269366666667
950,AVG_UKO_FRA_USA,2019,2.0498248333333335
950,AVG_UKO_FRA_USA,2020,1.9666493733333335
955,AVG_UKO_FRA_USA,2017,1.8926266133333334
955,AVG_UKO_FRA_USA,2018,1.7630901666666667
955,AVG_UKO_FRA_USA,2019,1.7988954333333333
955,AVG_UKO_FRA_USA,2020,1.8250440333333333
970,AVG_UKO_FRA_USA,2017,1.5585118333333332
970,AVG_UKO_FRA_USA,2018,1.4767636666666666
970,AVG_UKO_FRA_USA,2019,1.5799332333333334
970,AVG_UKO_FRA_USA,2020,1.5415474333333332
983,AVG_UKO_FRA_USA,2017,1.0021938333333333
983,AVG_UKO_FRA_USA,2018,1.0833212666666667
983,AVG_UKO_FRA_USA,2019,0.9051213333333333
983,AVG_UKO_FRA_USA,2020,1.0560070333333333
986,AVG_UKO_FRA_USA,2017,1.2856968333333334
986,AVG_UKO_FRA_USA,2018,1.6780976666666667
986,AVG_UKO_FRA_USA,2019,1.7303986333333334
986,AVG_UKO_FRA_USA,2020,1.6856784333333334
987,AVG_UKO_FRA_USA,2017,0.42029733333333325
987,AVG_UKO_FRA_USA,2018,0.456577
987,AVG_UKO_FRA_USA,2019,0.6436713333333334
987,AVG_UKO_FRA_USA,2020,0.4915203333333334
990,AVG_UKO_FRA_USA,2017,2.0801617333333335
990,AVG_UKO_FRA_USA,2018,1.8590414966666666
990,AVG_UKO_FRA_USA,2019,1.8946283433333333
990,AVG_UKO_FRA_USA,2020,1.9173964433333333
